CPF_FUNCIONARIO,ATRIBUICAO
73359897011,Treinador de Atletismo
46354756977,Monitores de Atividades Recreativas
31393203022,Professor de Educação Física
57948163255,Professor de Educação Física
86543987522,Coordenador de Atividades Esportivas
42983275311,Analista de Performance
39838484511,Analista de Performance
92424168199,Fisioterapeuta
55791227133,Técnico de Futebol
62835454400,Gerente de Eventos Esportivos
53502467200,Técnico de Vôlei
92532663255,Gerente de Eventos Esportivos
31830506766,Gerente de Eventos Esportivos
26665221211,Treinador de Atletismo
18950908222,Fisioterapeuta
76302623100,Professor de Educação Física
93832442755,Coordenador de Atividades Esportivas
72206176666,Instrutor de Musculação
50729959766,Professor de Yoga ou Pilates
80218694022,Fisioterapeuta
38372734233,Analista de Performance
14510513011,Psicólogo Esportivo
12451434500,Especialista em Medicina Esportiva
11343035800,Professor de Yoga ou Pilates
51184650955,Administrador de Ginásio
90379627699,Coordenador de Atividades Esportivas
13628252399,Psicólogo Esportivo
81614216766,Técnico de Futebol
56452356499,Analista de Performance
15533325399,Analista de Performance
57361057800,Administrador de Ginásio
52852985044,Gerente de Eventos Esportivos
12252808266,Nutricionista Esportivo
11583585988,Professor de Yoga ou Pilates
68435340233,Especialista em Medicina Esportiva
57735843444,Professor de Natação
77728881711,Monitores de Atividades Recreativas
90007306788,Analista de Performance
49000284799,Professor de Yoga ou Pilates
83647889222,Coordenador de Atividades Esportivas
12661022644,Coordenador de Atividades Esportivas
54297826533,Instrutor de Musculação
72904293544,Técnico de Vôlei
14340611833,Professor de Educação Física
47845571133,Técnico de Futebol
17045774466,Analista de Performance
33313173733,Preparador Físico
71219302000,Fisioterapeuta
34009026911,Professor de Natação
59405851088,Monitores de Atividades Recreativas
76133356155,Supervisor de Recreação
30433259822,Gerente de Eventos Esportivos
17373245399,Professor de Natação
97136568300,Técnico de Vôlei
92635131711,Professor de Natação
61491894300,Professor de Natação
50903278588,Técnico de Vôlei
77197057777,Técnico de Futebol
93075133500,Coordenador de Atividades Esportivas
25637766355,Professor de Educação Física
28042530155,Gestor de Programas Esportivos
27436823299,Especialista em Medicina Esportiva
96957974588,Monitores de Atividades Recreativas
42812414188,Nutricionista Esportivo
63664107711,Nutricionista Esportivo
53383139444,Especialista em Medicina Esportiva
96884224444,Coordenador de Atividades Esportivas
41029289522,Gerente de Eventos Esportivos
64728823200,Técnico de Vôlei
60012587677,Especialista em Medicina Esportiva
96149023700,Técnico de Futebol
31607387600,Instrutor de Musculação
74274788944,Assistente de Reabilitação Física
63071742855,Professor de Yoga ou Pilates
87116714755,Técnico de Vôlei
70349432222,Fisioterapeuta
76252665088,Analista de Performance
22803859100,Coordenador de Atividades Esportivas
23356328766,Preparador Físico
57871522044,Gerente de Eventos Esportivos
91085004522,Nutricionista Esportivo
87089326200,Preparador Físico
25422915866,Supervisor de Recreação
33366868144,Técnico de Vôlei
46561077433,Treinador de Atletismo
44276322700,Analista de Performance
62142601733,Assistente de Reabilitação Física
46685186899,Administrador de Ginásio
40692093877,Preparador Físico
15290257966,Analista de Performance
60094311077,Supervisor de Recreação
36364948722,Treinador de Atletismo
29223677977,Gerente de Eventos Esportivos
67297483200,Nutricionista Esportivo
94996415566,Fisioterapeuta
22324870166,Analista de Performance
17477598211,Fisioterapeuta
29232358199,Supervisor de Recreação
59295165966,Professor de Natação
94297685222,Monitores de Atividades Recreativas
75115819600,Professor de Educação Física
52838119722,Psicólogo Esportivo
21737939699,Especialista em Medicina Esportiva
36291937577,Coordenador de Atividades Esportivas
27477706300,Psicólogo Esportivo
75956657444,Especialista em Medicina Esportiva
37262323622,Psicólogo Esportivo
19471741344,Administrador de Ginásio
73305976000,Gerente de Eventos Esportivos
78200361177,Psicólogo Esportivo
46294769111,Professor de Educação Física
56984436022,Monitores de Atividades Recreativas
43010141444,Preparador Físico
66355019400,Coordenador de Atividades Esportivas
32340940044,Instrutor de Musculação
50028469633,Professor de Yoga ou Pilates
39033917866,Nutricionista Esportivo
58053586200,Treinador de Atletismo
32943575599,Coordenador de Atividades Esportivas
25446644366,Técnico de Vôlei
31783871966,Especialista em Medicina Esportiva
16433763499,Fisioterapeuta
43737694000,Gestor de Programas Esportivos
62659669799,Especialista em Medicina Esportiva
86404463000,Analista de Performance
51701008333,Treinador de Atletismo
51387056444,Treinador de Atletismo
63491213333,Professor de Natação
78419427455,Professor de Educação Física
42527587000,Assistente de Reabilitação Física
68325211544,Gerente de Eventos Esportivos
27720013000,Gestor de Programas Esportivos
15239976300,Técnico de Vôlei
75856500788,Professor de Educação Física
15321337155,Preparador Físico
13534836300,Psicólogo Esportivo
56867738077,Monitores de Atividades Recreativas
35173604144,Professor de Educação Física
22790603022,Fisioterapeuta
45508358500,Gestor de Programas Esportivos
59139363100,Supervisor de Recreação
28407769288,Assistente de Reabilitação Física
24382851099,Psicólogo Esportivo
45971596811,Técnico de Futebol
41242358955,Instrutor de Musculação
37665167877,Administrador de Ginásio
64558890377,Especialista em Medicina Esportiva
56760562588,Gerente de Eventos Esportivos
73390390666,Fisioterapeuta
98627523433,Especialista em Medicina Esportiva
86743428766,Professor de Natação
77668910266,Preparador Físico
61122673066,Fisioterapeuta
36543868655,Técnico de Vôlei
17247912733,Supervisor de Recreação
15463710288,Gestor de Programas Esportivos
32354129644,Administrador de Ginásio
33320834066,Administrador de Ginásio
86816090177,Técnico de Vôlei
33009779400,Técnico de Futebol
69513990777,Supervisor de Recreação
75460261133,Fisioterapeuta
62718736188,Coordenador de Atividades Esportivas
51634581677,Gerente de Eventos Esportivos
98942886855,Técnico de Vôlei
19366559933,Psicólogo Esportivo
83049119577,Nutricionista Esportivo
83213790522,Técnico de Vôlei
23501041255,Analista de Performance
24872543433,Professor de Natação
37594889511,Nutricionista Esportivo
17152444000,Coordenador de Atividades Esportivas
97828609055,Fisioterapeuta
77766053600,Preparador Físico
72347984555,Administrador de Ginásio
70890584177,Assistente de Reabilitação Física
34908652355,Fisioterapeuta
36829278400,Professor de Educação Física
87160185755,Gestor de Programas Esportivos
25235857588,Monitores de Atividades Recreativas
80335548944,Professor de Educação Física
81924790999,Preparador Físico
30153470044,Nutricionista Esportivo
44030865433,Fisioterapeuta
69616679611,Gestor de Programas Esportivos
34113082733,Analista de Performance
21256318577,Analista de Performance
39270686599,Psicólogo Esportivo
59304370844,Nutricionista Esportivo
51249974277,Monitores de Atividades Recreativas
34910456577,Monitores de Atividades Recreativas
21533343733,Analista de Performance
44394032711,Administrador de Ginásio
71388663566,Treinador de Atletismo
19093312522,Instrutor de Musculação
15968825066,Técnico de Vôlei
47274108500,Monitores de Atividades Recreativas
89080634122,Administrador de Ginásio
32685092744,Professor de Natação
42398310400,Supervisor de Recreação
44546580644,Coordenador de Atividades Esportivas
56674524055,Especialista em Medicina Esportiva
62200293211,Instrutor de Musculação
83136965322,Professor de Educação Física
26153139244,Fisioterapeuta
23127526033,Monitores de Atividades Recreativas
77307338388,Preparador Físico
12192528599,Fisioterapeuta
48222521677,Fisioterapeuta
15951503900,Supervisor de Recreação
90056896500,Especialista em Medicina Esportiva
50006248155,Psicólogo Esportivo
95847038899,Coordenador de Atividades Esportivas
24840302666,Professor de Yoga ou Pilates
35314670344,Preparador Físico
28397549755,Professor de Yoga ou Pilates
16713538466,Nutricionista Esportivo
73850921877,Gestor de Programas Esportivos
50007712577,Gestor de Programas Esportivos
23564606244,Instrutor de Musculação
86879982955,Fisioterapeuta
95789072499,Supervisor de Recreação
82485969666,Analista de Performance
54262491300,Professor de Yoga ou Pilates
59796473844,Fisioterapeuta
65922733999,Instrutor de Musculação
83817467799,Administrador de Ginásio
67023158488,Monitores de Atividades Recreativas
58941948577,Assistente de Reabilitação Física
98142988677,Professor de Educação Física
79641309866,Monitores de Atividades Recreativas
62192822211,Professor de Natação
33536752300,Nutricionista Esportivo
33078691833,Monitores de Atividades Recreativas
63058485566,Gestor de Programas Esportivos
46680633477,Supervisor de Recreação
55678006900,Administrador de Ginásio
25492904022,Professor de Yoga ou Pilates
81310667899,Gerente de Eventos Esportivos
29067930511,Nutricionista Esportivo
52979202800,Monitores de Atividades Recreativas
71233822344,Gestor de Programas Esportivos
58730151988,Supervisor de Recreação
80006795822,Técnico de Futebol
23763554866,Treinador de Atletismo
65230418166,Assistente de Reabilitação Física
81895915177,Psicólogo Esportivo
90801341555,Professor de Natação
85015218333,Coordenador de Atividades Esportivas
96112824511,Gerente de Eventos Esportivos
64898319377,Analista de Performance
78723955255,Nutricionista Esportivo
43082297077,Administrador de Ginásio
11397393600,Preparador Físico
24346577455,Técnico de Futebol
38452951399,Nutricionista Esportivo
71980570477,Nutricionista Esportivo
75004391644,Coordenador de Atividades Esportivas
48680159900,Gestor de Programas Esportivos
95572261700,Coordenador de Atividades Esportivas
27762065855,Técnico de Vôlei
71960358011,Especialista em Medicina Esportiva
69807175966,Professor de Educação Física
57029129933,Professor de Natação
43521893244,Técnico de Vôlei
11600192400,Nutricionista Esportivo
98352675700,Instrutor de Musculação
41707695033,Administrador de Ginásio
56434706088,Supervisor de Recreação
81833879188,Fisioterapeuta
40325191700,Preparador Físico
38367049866,Monitores de Atividades Recreativas
42050097633,Treinador de Atletismo
67285992233,Treinador de Atletismo
61681574255,Professor de Yoga ou Pilates
33727307399,Professor de Natação
67157782722,Treinador de Atletismo
27631497077,Técnico de Vôlei
57551502066,Gerente de Eventos Esportivos
43576983322,Treinador de Atletismo
86086027500,Administrador de Ginásio
54745069966,Supervisor de Recreação
67824401133,Monitores de Atividades Recreativas
81178396600,Professor de Educação Física
26401571322,Gerente de Eventos Esportivos
91071196400,Professor de Yoga ou Pilates
69698241366,Treinador de Atletismo
78510520844,Fisioterapeuta
33295157166,Professor de Natação
55738201922,Técnico de Vôlei
53030346822,Administrador de Ginásio
69130478199,Monitores de Atividades Recreativas
83114554066,Coordenador de Atividades Esportivas
75313744633,Nutricionista Esportivo
64445354177,Coordenador de Atividades Esportivas
51112424900,Coordenador de Atividades Esportivas
97011498744,Professor de Yoga ou Pilates
90807065822,Treinador de Atletismo
99837910211,Professor de Yoga ou Pilates
27073908799,Técnico de Futebol
70382389222,Professor de Educação Física
25854970622,Professor de Educação Física
87912585455,Técnico de Futebol
72743084911,Psicólogo Esportivo
65631759611,Fisioterapeuta
50085848122,Fisioterapeuta
72094547300,Administrador de Ginásio
29407387266,Psicólogo Esportivo
49138946411,Professor de Educação Física
69098442977,Nutricionista Esportivo
72478462833,Técnico de Futebol
24886729633,Administrador de Ginásio
85133549377,Coordenador de Atividades Esportivas
76578196699,Supervisor de Recreação
68149816455,Gerente de Eventos Esportivos
40026283700,Professor de Natação
44476372000,Analista de Performance
25517996355,Treinador de Atletismo
68939360366,Instrutor de Musculação
43752879188,Psicólogo Esportivo
45278707000,Nutricionista Esportivo
13861606877,Supervisor de Recreação
75556912300,Supervisor de Recreação
84145710500,Supervisor de Recreação
79370709511,Analista de Performance
31457919822,Técnico de Vôlei
82143015566,Técnico de Vôlei
19359640466,Monitores de Atividades Recreativas
53481500455,Especialista em Medicina Esportiva
48710274655,Instrutor de Musculação
26171671355,Professor de Natação
90324194477,Especialista em Medicina Esportiva
15389392155,Técnico de Futebol
62665036622,Especialista em Medicina Esportiva
76325035799,Monitores de Atividades Recreativas
54879588400,Especialista em Medicina Esportiva
73123774088,Técnico de Vôlei
77536599955,Técnico de Vôlei
28800328577,Especialista em Medicina Esportiva
35203224477,Professor de Natação
30018242477,Gerente de Eventos Esportivos
33669645611,Fisioterapeuta
43106336255,Preparador Físico
52829756533,Gestor de Programas Esportivos
91832774555,Coordenador de Atividades Esportivas
48046103088,Monitores de Atividades Recreativas
74039922888,Gerente de Eventos Esportivos
35647787800,Preparador Físico
51289771455,Administrador de Ginásio
35767000999,Técnico de Vôlei
62575606244,Monitores de Atividades Recreativas
31254237833,Instrutor de Musculação
16658155400,Coordenador de Atividades Esportivas
50754116499,Nutricionista Esportivo
92254396366,Instrutor de Musculação
66496221099,Psicólogo Esportivo
80644851000,Supervisor de Recreação
71450185944,Preparador Físico
65681087900,Psicólogo Esportivo
29429503155,Coordenador de Atividades Esportivas
42848097688,Professor de Yoga ou Pilates
81038250500,Especialista em Medicina Esportiva
71536406577,Assistente de Reabilitação Física
59409192866,Treinador de Atletismo
44963477411,Gestor de Programas Esportivos
92708630344,Gerente de Eventos Esportivos
37364923599,Técnico de Vôlei
45261359922,Técnico de Futebol
27227809177,Gestor de Programas Esportivos
86939734877,Analista de Performance
28439792777,Preparador Físico
87770917366,Fisioterapeuta
22070222855,Assistente de Reabilitação Física
34599930499,Técnico de Futebol
61096320822,Analista de Performance
75589105877,Instrutor de Musculação
20582247799,Professor de Natação
81695565544,Assistente de Reabilitação Física
69872129100,Psicólogo Esportivo
35185650288,Técnico de Futebol
19708678922,Nutricionista Esportivo
78707125822,Supervisor de Recreação
29947883144,Professor de Yoga ou Pilates
25633428800,Professor de Natação
65431539466,Gerente de Eventos Esportivos
11909360466,Analista de Performance
74955048466,Professor de Natação
63162073011,Técnico de Vôlei
55534970355,Especialista em Medicina Esportiva
44365707544,Psicólogo Esportivo
96218078677,Assistente de Reabilitação Física
74303098288,Técnico de Futebol
76160445655,Analista de Performance
39966102622,Professor de Yoga ou Pilates
91511164211,Gerente de Eventos Esportivos
39194598222,Professor de Natação
78087508400,Psicólogo Esportivo
77438083000,Instrutor de Musculação
68352892522,Monitores de Atividades Recreativas
55304448811,Instrutor de Musculação
93503922911,Professor de Yoga ou Pilates
63021530777,Psicólogo Esportivo
10471539399,Técnico de Vôlei
41749197555,Instrutor de Musculação
74355908277,Psicólogo Esportivo
95019431199,Monitores de Atividades Recreativas
84373490444,Professor de Yoga ou Pilates
60757575899,Nutricionista Esportivo
35113347722,Professor de Yoga ou Pilates
87204344211,Gerente de Eventos Esportivos
25541876499,Assistente de Reabilitação Física
87171031855,Assistente de Reabilitação Física
55279472666,Gerente de Eventos Esportivos
86611288544,Preparador Físico
24636096133,Administrador de Ginásio
31157272755,Coordenador de Atividades Esportivas
79282726366,Supervisor de Recreação
41677641055,Assistente de Reabilitação Física
84263807277,Especialista em Medicina Esportiva
82695227244,Monitores de Atividades Recreativas
13823982988,Gestor de Programas Esportivos
72308373400,Coordenador de Atividades Esportivas
23306010344,Gestor de Programas Esportivos
13259859611,Especialista em Medicina Esportiva
10800990344,Fisioterapeuta
38585560688,Fisioterapeuta
75809965022,Supervisor de Recreação
43281671111,Preparador Físico
51987409855,Especialista em Medicina Esportiva
26996399077,Psicólogo Esportivo
62348173600,Assistente de Reabilitação Física
86914272211,Coordenador de Atividades Esportivas
82370948244,Instrutor de Musculação
37047704188,Professor de Educação Física
15079329011,Técnico de Futebol
87168992455,Fisioterapeuta
21036682866,Assistente de Reabilitação Física
29580364133,Professor de Yoga ou Pilates
82892059022,Preparador Físico
54701195999,Assistente de Reabilitação Física
93498008100,Coordenador de Atividades Esportivas
73714717922,Fisioterapeuta
31342423622,Especialista em Medicina Esportiva
66353457955,Coordenador de Atividades Esportivas
66576232322,Professor de Yoga ou Pilates
58458433244,Fisioterapeuta
81857164122,Psicólogo Esportivo
74850473377,Administrador de Ginásio
73556183933,Nutricionista Esportivo
62761246133,Professor de Yoga ou Pilates
21035060733,Administrador de Ginásio
54787013511,Nutricionista Esportivo
13638913755,Administrador de Ginásio
33508296199,Técnico de Vôlei
59406611811,Assistente de Reabilitação Física
30547042544,Analista de Performance
76485594800,Treinador de Atletismo
79675627988,Administrador de Ginásio
51382440511,Treinador de Atletismo
51015914088,Gestor de Programas Esportivos
32294538166,Técnico de Vôlei
24366639800,Professor de Educação Física
58987850866,Especialista em Medicina Esportiva
35115642800,Técnico de Vôlei
19805748399,Treinador de Atletismo
55074076222,Professor de Natação
10449676500,Técnico de Futebol
52860579699,Analista de Performance
36985440911,Professor de Natação
70775131900,Fisioterapeuta
60373401700,Técnico de Futebol
73496985000,Técnico de Futebol
76687745488,Psicólogo Esportivo
38296176311,Técnico de Futebol
62737281866,Especialista em Medicina Esportiva
78900704388,Fisioterapeuta
61500290855,Coordenador de Atividades Esportivas
56916709133,Professor de Educação Física
89371512788,Treinador de Atletismo
31136016811,Supervisor de Recreação
76305527422,Monitores de Atividades Recreativas
26996234400,Preparador Físico
68577268411,Professor de Educação Física
14937285633,Coordenador de Atividades Esportivas
34130034700,Professor de Yoga ou Pilates
16494965677,Assistente de Reabilitação Física
67483605522,Professor de Natação
80860568300,Assistente de Reabilitação Física
35349136633,Gerente de Eventos Esportivos
63509864155,Técnico de Vôlei
71047013111,Preparador Físico
17989593800,Professor de Yoga ou Pilates
20888234177,Assistente de Reabilitação Física
47840896833,Professor de Yoga ou Pilates
67628122288,Treinador de Atletismo
94752229011,Especialista em Medicina Esportiva
57679201333,Coordenador de Atividades Esportivas
51616289288,Fisioterapeuta
33129221944,Técnico de Vôlei
56695389866,Fisioterapeuta
70582321800,Técnico de Vôlei
67187174799,Professor de Natação
10713187055,Treinador de Atletismo
26165490266,Especialista em Medicina Esportiva
89618863800,Preparador Físico
92960237188,Professor de Educação Física
42795272022,Professor de Educação Física
64912536511,Fisioterapeuta
57992960444,Fisioterapeuta
98037223444,Gestor de Programas Esportivos
40269420666,Administrador de Ginásio
61046004766,Nutricionista Esportivo
30458304711,Professor de Educação Física
30465047722,Especialista em Medicina Esportiva
74461825200,Coordenador de Atividades Esportivas
24315996711,Técnico de Futebol
55782989155,Nutricionista Esportivo
87082708722,Professor de Natação
88372426977,Gerente de Eventos Esportivos
57172127044,Monitores de Atividades Recreativas
87235017900,Fisioterapeuta
21324460911,Professor de Natação
84138324544,Técnico de Futebol
58921154888,Preparador Físico
36953752800,Supervisor de Recreação
28257258466,Instrutor de Musculação
86396948000,Psicólogo Esportivo
93057830666,Assistente de Reabilitação Física
95868677811,Preparador Físico
22478414577,Técnico de Vôlei
70818699800,Técnico de Futebol
55448073299,Gestor de Programas Esportivos
70071747522,Gestor de Programas Esportivos
90871416888,Professor de Educação Física
22033863200,Professor de Yoga ou Pilates
93831814355,Assistente de Reabilitação Física
86444102888,Gestor de Programas Esportivos
67957065755,Monitores de Atividades Recreativas
28045509822,Coordenador de Atividades Esportivas
35648919511,Assistente de Reabilitação Física
50361198199,Nutricionista Esportivo
36942643533,Professor de Educação Física
22738903977,Coordenador de Atividades Esportivas
59895469044,Gestor de Programas Esportivos
69636133544,Supervisor de Recreação
82361036411,Professor de Educação Física
78702904833,Preparador Físico
18529209633,Professor de Natação
10418996299,Analista de Performance
30292039722,Professor de Yoga ou Pilates
30260083899,Técnico de Futebol
37511944600,Professor de Yoga ou Pilates
75993567033,Instrutor de Musculação
15883145700,Técnico de Futebol
81259969233,Especialista em Medicina Esportiva
32884915677,Instrutor de Musculação
13424564088,Preparador Físico
65431373800,Professor de Yoga ou Pilates
48291295655,Especialista em Medicina Esportiva
59574019355,Monitores de Atividades Recreativas
85202273688,Supervisor de Recreação
99527172377,Supervisor de Recreação
70123774455,Supervisor de Recreação
16146350566,Professor de Yoga ou Pilates
40253071544,Gestor de Programas Esportivos
14368577599,Assistente de Reabilitação Física
34855840100,Monitores de Atividades Recreativas
31126985688,Gestor de Programas Esportivos
50842032988,Monitores de Atividades Recreativas
66285316277,Técnico de Vôlei
39786914777,Nutricionista Esportivo
42823803066,Psicólogo Esportivo
65015589133,Professor de Educação Física
50705447488,Instrutor de Musculação
29567983322,Professor de Educação Física
93277868311,Especialista em Medicina Esportiva
80804943399,Supervisor de Recreação
43449439888,Preparador Físico
77011093900,Coordenador de Atividades Esportivas
25721825644,Gerente de Eventos Esportivos
68256546166,Monitores de Atividades Recreativas
36811674944,Psicólogo Esportivo
38359214288,Instrutor de Musculação
18211442288,Gestor de Programas Esportivos
59057670922,Técnico de Vôlei
87766638333,Instrutor de Musculação
90195837355,Monitores de Atividades Recreativas
52145765522,Treinador de Atletismo
89403115077,Administrador de Ginásio
50529961877,Técnico de Vôlei
24745179366,Supervisor de Recreação
34905446766,Treinador de Atletismo
34053952088,Coordenador de Atividades Esportivas
48651827488,Supervisor de Recreação
52917576711,Professor de Educação Física
70347490199,Administrador de Ginásio
30096087800,Técnico de Vôlei
40752255855,Professor de Educação Física
65744420288,Coordenador de Atividades Esportivas
35967935300,Nutricionista Esportivo
87731527811,Assistente de Reabilitação Física
14004617744,Fisioterapeuta
47121751766,Analista de Performance
53080567222,Fisioterapeuta
13574841277,Especialista em Medicina Esportiva
18693652400,Técnico de Vôlei
19307842955,Especialista em Medicina Esportiva
46824558855,Professor de Yoga ou Pilates
65000772299,Técnico de Futebol
80663034244,Preparador Físico
78631246111,Administrador de Ginásio
86020004566,Administrador de Ginásio
50121224611,Gerente de Eventos Esportivos
96572514866,Coordenador de Atividades Esportivas
92964158100,Assistente de Reabilitação Física
20052825966,Monitores de Atividades Recreativas
88150777588,Especialista em Medicina Esportiva
40081877311,Gestor de Programas Esportivos
35920525199,Professor de Natação
74086737333,Técnico de Futebol
48282679488,Nutricionista Esportivo
32142278155,Professor de Educação Física
35354099699,Técnico de Vôlei
73483704466,Analista de Performance
74340625922,Professor de Yoga ou Pilates
10418357011,Treinador de Atletismo
23872149511,Monitores de Atividades Recreativas
15170059577,Instrutor de Musculação
43016472799,Nutricionista Esportivo
89397807955,Técnico de Futebol
99488441144,Técnico de Futebol
82104787611,Professor de Educação Física
88461098055,Analista de Performance
67840397188,Supervisor de Recreação
85813971233,Gerente de Eventos Esportivos
48126320300,Técnico de Vôlei
17174218733,Assistente de Reabilitação Física
12340680444,Treinador de Atletismo
63611091944,Nutricionista Esportivo
48724324522,Analista de Performance
46222205711,Instrutor de Musculação
71042916522,Treinador de Atletismo
32581457255,Professor de Natação
46399370677,Assistente de Reabilitação Física
35317126755,Instrutor de Musculação
68808867366,Assistente de Reabilitação Física
88506788600,Supervisor de Recreação
78251858200,Professor de Natação
23831351600,Coordenador de Atividades Esportivas
49452890000,Coordenador de Atividades Esportivas
88803936000,Técnico de Futebol
52940027100,Assistente de Reabilitação Física
39781895933,Gerente de Eventos Esportivos
67216911833,Monitores de Atividades Recreativas
43085645066,Coordenador de Atividades Esportivas
89046488233,Administrador de Ginásio
52145403377,Monitores de Atividades Recreativas
57410427400,Instrutor de Musculação
76332201122,Administrador de Ginásio
29699403700,Professor de Natação
41716803366,Administrador de Ginásio
36673065122,Instrutor de Musculação
85508685311,Supervisor de Recreação
98786588488,Fisioterapeuta
81742254555,Técnico de Vôlei
96046264699,Professor de Natação
91806816544,Especialista em Medicina Esportiva
69073830122,Especialista em Medicina Esportiva
45609867700,Nutricionista Esportivo
68454867944,Instrutor de Musculação
61844668444,Professor de Natação
37240975811,Analista de Performance
19217680700,Monitores de Atividades Recreativas
10014309566,Assistente de Reabilitação Física
42546415400,Treinador de Atletismo
12229748866,Especialista em Medicina Esportiva
57227042966,Administrador de Ginásio
19038254155,Gestor de Programas Esportivos
41153142499,Professor de Natação
49797928477,Coordenador de Atividades Esportivas
89999777222,Professor de Yoga ou Pilates
43561722722,Assistente de Reabilitação Física
24297147877,Especialista em Medicina Esportiva
85998140877,Psicólogo Esportivo
34117781644,Administrador de Ginásio
76243569966,Administrador de Ginásio
30909465644,Técnico de Vôlei
75133211911,Técnico de Vôlei
93682084255,Professor de Natação
23783864433,Preparador Físico
40283675300,Técnico de Vôlei
36163825300,Assistente de Reabilitação Física
47719882855,Preparador Físico
22745391700,Supervisor de Recreação
45714423199,Professor de Yoga ou Pilates
42986244555,Coordenador de Atividades Esportivas
68025300666,Instrutor de Musculação
34744548388,Instrutor de Musculação
30805248700,Nutricionista Esportivo
63585443577,Coordenador de Atividades Esportivas
79345428011,Nutricionista Esportivo
22920877077,Técnico de Futebol
70063671233,Administrador de Ginásio
50856763355,Gestor de Programas Esportivos
46678910922,Professor de Natação
58191008833,Assistente de Reabilitação Física
60406271077,Técnico de Futebol
24888060055,Treinador de Atletismo
82231154411,Fisioterapeuta
63464042299,Monitores de Atividades Recreativas
46701280000,Administrador de Ginásio
73911534199,Gestor de Programas Esportivos
36625682177,Especialista em Medicina Esportiva
65530192077,Instrutor de Musculação
40263166100,Coordenador de Atividades Esportivas
75356610099,Professor de Yoga ou Pilates
70689375277,Preparador Físico
25197129022,Gerente de Eventos Esportivos
46316000988,Monitores de Atividades Recreativas
60535791066,Analista de Performance
10822678644,Instrutor de Musculação
44231843544,Gestor de Programas Esportivos
27216396766,Técnico de Vôlei
38705953888,Analista de Performance
11473614799,Analista de Performance
66905257599,Instrutor de Musculação
35634150133,Assistente de Reabilitação Física
32010737255,Monitores de Atividades Recreativas
53808030400,Especialista em Medicina Esportiva
73464630055,Treinador de Atletismo
45385454811,Psicólogo Esportivo
63793710955,Psicólogo Esportivo
50929683700,Técnico de Futebol
13426210933,Especialista em Medicina Esportiva
73676071544,Gestor de Programas Esportivos
76202552066,Psicólogo Esportivo
87163230688,Assistente de Reabilitação Física
52538092799,Gestor de Programas Esportivos
63109192700,Professor de Educação Física
65529041422,Professor de Educação Física
81410253255,Especialista em Medicina Esportiva
60681001033,Preparador Físico
39179379800,Professor de Educação Física
71488605200,Fisioterapeuta
85712749755,Técnico de Futebol
48723205300,Professor de Natação
24748609166,Nutricionista Esportivo
28342656588,Professor de Natação
21183876799,Coordenador de Atividades Esportivas
94105226766,Preparador Físico
25630882088,Psicólogo Esportivo
81764645200,Supervisor de Recreação
13914924988,Técnico de Futebol
37495015644,Supervisor de Recreação
23468888500,Gerente de Eventos Esportivos
78336842011,Professor de Natação
83715594100,Preparador Físico
59936643555,Monitores de Atividades Recreativas
64401932877,Psicólogo Esportivo
88476250255,Psicólogo Esportivo
15755649555,Gerente de Eventos Esportivos
38301513900,Analista de Performance
51359050811,Técnico de Futebol
84669378111,Coordenador de Atividades Esportivas
66762340177,Instrutor de Musculação
27790105333,Psicólogo Esportivo
27763808011,Gerente de Eventos Esportivos
74018026199,Treinador de Atletismo
72540336599,Monitores de Atividades Recreativas
90454463833,Especialista em Medicina Esportiva
20131940566,Analista de Performance
61519253000,Fisioterapeuta
31226598400,Nutricionista Esportivo
30114510444,Técnico de Futebol
22001180744,Coordenador de Atividades Esportivas
18896151022,Professor de Natação
50722445711,Fisioterapeuta
20784998111,Administrador de Ginásio
15527724033,Coordenador de Atividades Esportivas
47050526411,Professor de Yoga ou Pilates
35242404888,Monitores de Atividades Recreativas
88916037088,Analista de Performance
41967039766,Coordenador de Atividades Esportivas
77386378977,Gerente de Eventos Esportivos
38707639499,Fisioterapeuta
95286809688,Fisioterapeuta
57613483300,Nutricionista Esportivo
55302764666,Treinador de Atletismo
43993022833,Nutricionista Esportivo
68235283700,Técnico de Vôlei
50679081300,Técnico de Futebol
82514305000,Gerente de Eventos Esportivos
22444749411,Professor de Natação
60934661244,Administrador de Ginásio
39885147488,Técnico de Futebol
18131267555,Professor de Educação Física
88024237255,Professor de Yoga ou Pilates
34578709933,Monitores de Atividades Recreativas
94290285533,Professor de Natação
32114965566,Nutricionista Esportivo
66072108300,Instrutor de Musculação
46138851755,Treinador de Atletismo
66734398155,Assistente de Reabilitação Física
36287205677,Coordenador de Atividades Esportivas
78343181600,Instrutor de Musculação
94542818799,Psicólogo Esportivo
76861067722,Administrador de Ginásio
31409851855,Técnico de Vôlei
92577334166,Nutricionista Esportivo
99184158511,Professor de Natação
24726349000,Monitores de Atividades Recreativas
30173475599,Instrutor de Musculação
43421287999,Nutricionista Esportivo
91716158811,Professor de Yoga ou Pilates
25155526099,Treinador de Atletismo
83463585399,Professor de Educação Física
60648091755,Professor de Yoga ou Pilates
24032060755,Supervisor de Recreação
42739363566,Nutricionista Esportivo
81308526833,Instrutor de Musculação
66070035322,Professor de Natação
76401042033,Monitores de Atividades Recreativas
17481143444,Professor de Yoga ou Pilates
11055123633,Administrador de Ginásio
90405261500,Preparador Físico
79584116500,Psicólogo Esportivo
14985397855,Analista de Performance
84374594600,Gestor de Programas Esportivos
32400162811,Instrutor de Musculação
14343964522,Monitores de Atividades Recreativas
85221659988,Professor de Natação
70675118288,Analista de Performance
18780783300,Especialista em Medicina Esportiva
56745941122,Técnico de Futebol
27649611466,Técnico de Vôlei
90128705266,Monitores de Atividades Recreativas
26925191677,Treinador de Atletismo
49593947733,Professor de Natação
17942186377,Gestor de Programas Esportivos
12473766133,Treinador de Atletismo
42850996322,Técnico de Vôlei
96384432199,Coordenador de Atividades Esportivas
71127537755,Gestor de Programas Esportivos
25337142911,Técnico de Futebol
19539715711,Professor de Educação Física
95535353488,Instrutor de Musculação
32919368844,Coordenador de Atividades Esportivas
33509276966,Professor de Natação
52233539355,Fisioterapeuta
18677213411,Preparador Físico
71648084499,Professor de Natação
61377912033,Monitores de Atividades Recreativas
74044863199,Nutricionista Esportivo
30161943099,Administrador de Ginásio
53694096844,Psicólogo Esportivo
48284152200,Técnico de Vôlei
77602478500,Técnico de Futebol
85195237811,Psicólogo Esportivo
70107653166,Coordenador de Atividades Esportivas
48237291888,Coordenador de Atividades Esportivas
81084709199,Psicólogo Esportivo
16862515488,Professor de Natação
28837607644,Técnico de Vôlei
12936217222,Técnico de Vôlei
38970056622,Monitores de Atividades Recreativas
98691273711,Analista de Performance
43284903899,Técnico de Futebol
16182607233,Coordenador de Atividades Esportivas
10022122355,Professor de Educação Física
62425949355,Preparador Físico
84949931511,Preparador Físico
60166847322,Professor de Yoga ou Pilates
16534130855,Professor de Educação Física
13010411144,Especialista em Medicina Esportiva
41082148200,Professor de Yoga ou Pilates
21502374400,Fisioterapeuta
61535330788,Gerente de Eventos Esportivos
30952562211,Administrador de Ginásio
98702479466,Especialista em Medicina Esportiva
56036060455,Supervisor de Recreação
81260294477,Professor de Educação Física
94591878899,Psicólogo Esportivo
80273652877,Professor de Natação
18442772755,Psicólogo Esportivo
35467496344,Administrador de Ginásio
73775752988,Preparador Físico
54486724000,Técnico de Vôlei
44144002011,Gestor de Programas Esportivos
77541001344,Gestor de Programas Esportivos
25780748100,Treinador de Atletismo
69311084688,Monitores de Atividades Recreativas
98279194666,Fisioterapeuta
55317228855,Fisioterapeuta
46590686500,Gestor de Programas Esportivos
93462344666,Fisioterapeuta
91220897211,Administrador de Ginásio
60279381966,Professor de Educação Física
65435900766,Professor de Natação
37976321500,Professor de Natação
59593857322,Técnico de Futebol
25852732455,Gerente de Eventos Esportivos
20114271344,Assistente de Reabilitação Física
97632358200,Especialista em Medicina Esportiva
10229603933,Coordenador de Atividades Esportivas
70786402688,Gestor de Programas Esportivos
43636403677,Analista de Performance
66462738711,Treinador de Atletismo
28811258244,Analista de Performance
35382997066,Fisioterapeuta
14330977611,Psicólogo Esportivo
96306665533,Assistente de Reabilitação Física
17708613866,Treinador de Atletismo
21407531000,Fisioterapeuta
98587371144,Professor de Yoga ou Pilates
29540362811,Assistente de Reabilitação Física
49475982555,Técnico de Vôlei
43765153611,Administrador de Ginásio
43547982477,Assistente de Reabilitação Física
68690530900,Psicólogo Esportivo
34336979499,Preparador Físico
26177748055,Administrador de Ginásio
38837982233,Professor de Yoga ou Pilates
76619798966,Preparador Físico
71591978366,Coordenador de Atividades Esportivas
97019043700,Nutricionista Esportivo
94103202911,Técnico de Vôlei
47243279799,Supervisor de Recreação
86886737211,Assistente de Reabilitação Física
17320563233,Analista de Performance
32977670733,Analista de Performance
36155827800,Analista de Performance
43076748711,Administrador de Ginásio
89025917866,Supervisor de Recreação
61978922788,Assistente de Reabilitação Física
37853330488,Supervisor de Recreação
91931371099,Supervisor de Recreação
11259884444,Administrador de Ginásio
41084684655,Professor de Natação
98451321111,Psicólogo Esportivo
76753650033,Coordenador de Atividades Esportivas
78602763644,Técnico de Futebol
36722952055,Coordenador de Atividades Esportivas
69883591500,Assistente de Reabilitação Física
25433063744,Treinador de Atletismo
45655007799,Técnico de Vôlei
97074739599,Analista de Performance
15464810877,Professor de Natação
14980743166,Administrador de Ginásio
37109163999,Professor de Educação Física
69911501855,Fisioterapeuta
57326829888,Especialista em Medicina Esportiva
21166016811,Assistente de Reabilitação Física
86214221822,Instrutor de Musculação
21613023966,Técnico de Vôlei
64857054900,Analista de Performance
66441115488,Monitores de Atividades Recreativas
92247223188,Especialista em Medicina Esportiva
95287479900,Administrador de Ginásio
43518017355,Técnico de Futebol
72434516911,Gerente de Eventos Esportivos
55508186122,Instrutor de Musculação
11143165988,Supervisor de Recreação
65409031111,Administrador de Ginásio
45299156033,Especialista em Medicina Esportiva
28658294133,Professor de Educação Física
39029136300,Gestor de Programas Esportivos
23706947000,Analista de Performance
76394826400,Especialista em Medicina Esportiva
97719313266,Técnico de Futebol
26681883188,Fisioterapeuta
15699568988,Supervisor de Recreação
19422839466,Coordenador de Atividades Esportivas
91202584100,Assistente de Reabilitação Física
41718919300,Supervisor de Recreação
48378942166,Gerente de Eventos Esportivos
47494806811,Coordenador de Atividades Esportivas
37517344733,Nutricionista Esportivo
26317402899,Nutricionista Esportivo
49685879022,Gestor de Programas Esportivos
64784885944,Assistente de Reabilitação Física
84455624799,Técnico de Futebol
85421738055,Preparador Físico
33632894488,Preparador Físico
88627177922,Treinador de Atletismo
95445270522,Analista de Performance
51900442111,Treinador de Atletismo
94483609088,Fisioterapeuta
43934857777,Administrador de Ginásio
98237075100,Nutricionista Esportivo
26434906144,Preparador Físico
27792859666,Psicólogo Esportivo
21602128811,Supervisor de Recreação
13457902288,Analista de Performance
42315718055,Psicólogo Esportivo
12424684800,Supervisor de Recreação
60151214322,Assistente de Reabilitação Física
84031697955,Treinador de Atletismo
33419348711,Fisioterapeuta
55808805611,Professor de Yoga ou Pilates
55800516033,Coordenador de Atividades Esportivas
52016392322,Gerente de Eventos Esportivos
95451098900,Preparador Físico
54273699700,Assistente de Reabilitação Física
49783123533,Professor de Yoga ou Pilates
84131803844,Administrador de Ginásio
66581786588,Administrador de Ginásio
67264384944,Gestor de Programas Esportivos
27893901422,Nutricionista Esportivo
38423072500,Especialista em Medicina Esportiva
18811290399,Nutricionista Esportivo
51161752199,Monitores de Atividades Recreativas
13388449111,Treinador de Atletismo
11270065255,Treinador de Atletismo
27918408188,Analista de Performance
53676223644,Assistente de Reabilitação Física
40737880433,Assistente de Reabilitação Física
57335961711,Gerente de Eventos Esportivos
36674218422,Professor de Educação Física
98816176344,Instrutor de Musculação
53852943733,Analista de Performance
95137772788,Nutricionista Esportivo
69601317744,Administrador de Ginásio
39204788433,Coordenador de Atividades Esportivas
79034076277,Preparador Físico
90306391800,Analista de Performance
46164893000,Analista de Performance
11461358900,Especialista em Medicina Esportiva
22411765911,Coordenador de Atividades Esportivas
28614241688,Fisioterapeuta
19875891811,Técnico de Vôlei
77434020966,Assistente de Reabilitação Física
24303545355,Instrutor de Musculação
58868451199,Professor de Educação Física
68580048311,Analista de Performance
24050929722,Preparador Físico
59737816400,Fisioterapeuta
49783763600,Assistente de Reabilitação Física
98601753499,Instrutor de Musculação
36723353711,Administrador de Ginásio
75634020477,Instrutor de Musculação
42406743011,Especialista em Medicina Esportiva
87791081644,Monitores de Atividades Recreativas
21164967488,Monitores de Atividades Recreativas
44870128800,Gestor de Programas Esportivos
64112189433,Analista de Performance
40787117588,Analista de Performance
76323570766,Técnico de Futebol
60473270799,Assistente de Reabilitação Física
56009528133,Supervisor de Recreação
67781408600,Treinador de Atletismo
52389202299,Gestor de Programas Esportivos
79476725633,Instrutor de Musculação
20763955988,Gestor de Programas Esportivos
15115515699,Professor de Natação
44412403333,Assistente de Reabilitação Física
66296664966,Professor de Educação Física
92362726577,Nutricionista Esportivo
40797129366,Psicólogo Esportivo
32356201922,Assistente de Reabilitação Física
56369211955,Professor de Educação Física
14269806200,Técnico de Futebol
12232196311,Especialista em Medicina Esportiva
73402515022,Instrutor de Musculação
53677793600,Analista de Performance
59441110200,Assistente de Reabilitação Física
90372920200,Supervisor de Recreação
12523759055,Professor de Natação
15290869066,Analista de Performance
47908826911,Analista de Performance
24271066588,Nutricionista Esportivo
96332299600,Treinador de Atletismo
12216879644,Coordenador de Atividades Esportivas
97467450855,Nutricionista Esportivo
70529113700,Analista de Performance
87356504355,Especialista em Medicina Esportiva
54094830222,Coordenador de Atividades Esportivas
27469065388,Supervisor de Recreação
84781752611,Monitores de Atividades Recreativas
12514839255,Assistente de Reabilitação Física
71453297433,Especialista em Medicina Esportiva
90653374233,Psicólogo Esportivo
76120406200,Gerente de Eventos Esportivos
90846895777,Monitores de Atividades Recreativas
31365650966,Técnico de Futebol
54485900988,Instrutor de Musculação
70680502633,Monitores de Atividades Recreativas
18373324955,Gestor de Programas Esportivos
22147815955,Instrutor de Musculação
73176367544,Fisioterapeuta
52695870766,Gerente de Eventos Esportivos
97441479111,Nutricionista Esportivo
42011570166,Professor de Educação Física
91092666822,Nutricionista Esportivo
53197568600,Técnico de Futebol
23575313555,Professor de Yoga ou Pilates
87401433844,Analista de Performance
60244915900,Supervisor de Recreação
34665979788,Professor de Natação
72625426722,Psicólogo Esportivo
42322907611,Gerente de Eventos Esportivos
49822981499,Administrador de Ginásio
58302783677,Especialista em Medicina Esportiva
84761502888,Professor de Natação
78854618311,Supervisor de Recreação
47110185300,Gerente de Eventos Esportivos
47423434844,Assistente de Reabilitação Física
59017379033,Especialista em Medicina Esportiva
75411770599,Professor de Educação Física
64190704655,Nutricionista Esportivo
46932792422,Administrador de Ginásio
44316742333,Assistente de Reabilitação Física
32644575477,Preparador Físico
28763877944,Nutricionista Esportivo
93814910544,Assistente de Reabilitação Física
39792739544,Técnico de Futebol
40591744322,Professor de Natação
24283244700,Monitores de Atividades Recreativas
87841141500,Nutricionista Esportivo
47477888400,Preparador Físico
65274604900,Coordenador de Atividades Esportivas
44354908466,Técnico de Futebol
20083392899,Analista de Performance
60601131411,Professor de Natação
73492749800,Supervisor de Recreação
37233119700,Professor de Yoga ou Pilates
76343933988,Psicólogo Esportivo
70437215200,Instrutor de Musculação
64520882111,Técnico de Futebol
16821597444,Técnico de Vôlei
47858480811,Treinador de Atletismo
38904762799,Supervisor de Recreação
36546858899,Analista de Performance
81399111788,Supervisor de Recreação
14851071800,Nutricionista Esportivo
48887182966,Psicólogo Esportivo
96578878288,Especialista em Medicina Esportiva
41976406844,Técnico de Futebol
79689462555,Psicólogo Esportivo
18084750899,Gestor de Programas Esportivos
67142029466,Técnico de Vôlei
82052155533,Analista de Performance
89023372355,Supervisor de Recreação
39985656800,Instrutor de Musculação
96450743044,Professor de Yoga ou Pilates
58029644055,Preparador Físico
17560585122,Psicólogo Esportivo
74491312933,Analista de Performance
91530958399,Coordenador de Atividades Esportivas
10546299000,Especialista em Medicina Esportiva
23167820866,Treinador de Atletismo
94383251155,Monitores de Atividades Recreativas
74574066977,Gestor de Programas Esportivos
11676601377,Gerente de Eventos Esportivos
57686246944,Técnico de Futebol
77744669322,Gestor de Programas Esportivos
88253427211,Gerente de Eventos Esportivos
22927920522,Nutricionista Esportivo
36339177055,Preparador Físico
79360295244,Professor de Educação Física
71123647877,Administrador de Ginásio
37316453000,Gestor de Programas Esportivos
93194215799,Instrutor de Musculação
90206763933,Técnico de Futebol
81942426222,Assistente de Reabilitação Física
87596777166,Treinador de Atletismo
49079762400,Supervisor de Recreação
12622291388,Professor de Yoga ou Pilates
29548223688,Assistente de Reabilitação Física
37479477355,Técnico de Futebol
17698375400,Gerente de Eventos Esportivos
32684593822,Professor de Yoga ou Pilates
31732102988,Treinador de Atletismo
80298648766,Administrador de Ginásio
69361968022,Técnico de Vôlei
13512495688,Monitores de Atividades Recreativas
91314528766,Analista de Performance
89367267655,Professor de Yoga ou Pilates
84248261400,Administrador de Ginásio
87707692577,Instrutor de Musculação
24903108600,Nutricionista Esportivo
93405310000,Administrador de Ginásio
97419276144,Analista de Performance
82090364911,Técnico de Vôlei
79682981566,Técnico de Vôlei
44238434633,Analista de Performance
30630841744,Técnico de Vôlei
86292105833,Preparador Físico
46958570222,Instrutor de Musculação
44823025388,Preparador Físico
30963279399,Técnico de Vôlei
87688482344,Treinador de Atletismo
19195876400,Nutricionista Esportivo
81510445199,Fisioterapeuta
78097438055,Técnico de Vôlei
44978087000,Fisioterapeuta
59533991200,Professor de Natação
44738350144,Monitores de Atividades Recreativas
51263045933,Técnico de Futebol
33372989400,Nutricionista Esportivo
94251711066,Professor de Yoga ou Pilates
16608522188,Técnico de Vôlei
41594064322,Técnico de Vôlei
64088714022,Treinador de Atletismo
94527089211,Gerente de Eventos Esportivos
68241142511,Analista de Performance
95352393500,Especialista em Medicina Esportiva
19946341700,Fisioterapeuta
43525583622,Assistente de Reabilitação Física
18794569233,Professor de Natação
44645722199,Fisioterapeuta
32425591422,Especialista em Medicina Esportiva
56263214388,Administrador de Ginásio
98703721399,Analista de Performance
28743496155,Fisioterapeuta
18265521466,Professor de Natação
24666865388,Preparador Físico
59355570100,Analista de Performance
59172057955,Administrador de Ginásio
74408213000,Gestor de Programas Esportivos
63374991822,Nutricionista Esportivo
53232594855,Nutricionista Esportivo
43247462144,Especialista em Medicina Esportiva
23671616900,Gerente de Eventos Esportivos
86479387988,Professor de Yoga ou Pilates
52093472300,Instrutor de Musculação
27376902000,Professor de Yoga ou Pilates
59669067777,Gestor de Programas Esportivos
52896301200,Preparador Físico
62774127600,Treinador de Atletismo
37527846366,Professor de Yoga ou Pilates
35044764788,Especialista em Medicina Esportiva
60261529388,Professor de Natação
16949594811,Gerente de Eventos Esportivos
40919104322,Coordenador de Atividades Esportivas
26592759988,Instrutor de Musculação
46991400500,Administrador de Ginásio
64247812699,Nutricionista Esportivo
96171524100,Gerente de Eventos Esportivos
93730261600,Preparador Físico
71852005988,Professor de Natação
96161964055,Coordenador de Atividades Esportivas
56442658388,Supervisor de Recreação
67483025100,Treinador de Atletismo
73741583000,Especialista em Medicina Esportiva
60316537533,Fisioterapeuta
85882981711,Especialista em Medicina Esportiva
72670168200,Supervisor de Recreação
83187920922,Professor de Yoga ou Pilates
68475166077,Professor de Educação Física
82440937733,Analista de Performance
81090541100,Preparador Físico
45684689222,Treinador de Atletismo
12139971788,Professor de Yoga ou Pilates
16117550777,Administrador de Ginásio
76394852400,Gerente de Eventos Esportivos
13007870311,Nutricionista Esportivo
88533380244,Treinador de Atletismo
61182415388,Professor de Yoga ou Pilates
34518300511,Professor de Natação
61415449755,Professor de Natação
97936799566,Coordenador de Atividades Esportivas
46476126944,Administrador de Ginásio
48702532166,Professor de Natação
64858204500,Técnico de Futebol
23064878399,Professor de Educação Física
71090384400,Professor de Natação
15161529488,Professor de Natação
86942359000,Gestor de Programas Esportivos
87826951644,Gerente de Eventos Esportivos
73739170622,Fisioterapeuta
64005676233,Instrutor de Musculação
59091363300,Nutricionista Esportivo
35083372788,Especialista em Medicina Esportiva
71184978866,Psicólogo Esportivo
57720060888,Especialista em Medicina Esportiva
96820100633,Instrutor de Musculação
79149960922,Psicólogo Esportivo
45646819822,Fisioterapeuta
24461012677,Monitores de Atividades Recreativas
43500408111,Nutricionista Esportivo
18814542155,Especialista em Medicina Esportiva
97425199600,Técnico de Futebol
74209529300,Analista de Performance
84211611300,Psicólogo Esportivo
32892941966,Treinador de Atletismo
90730842299,Treinador de Atletismo
51258383222,Gerente de Eventos Esportivos
34375499955,Professor de Natação
47242671600,Coordenador de Atividades Esportivas
47385588111,Gestor de Programas Esportivos
29651469622,Professor de Natação
84004475300,Professor de Natação
10234156155,Técnico de Vôlei
67292113188,Professor de Yoga ou Pilates
79698169244,Gestor de Programas Esportivos
34253469111,Gestor de Programas Esportivos
81709415555,Preparador Físico
57492556622,Monitores de Atividades Recreativas
56666469155,Preparador Físico
26891531655,Técnico de Vôlei
27333282477,Preparador Físico
39973511800,Professor de Educação Física
82912423644,Professor de Yoga ou Pilates
34967796400,Gerente de Eventos Esportivos
63693834144,Professor de Yoga ou Pilates
88449928333,Professor de Yoga ou Pilates
25619144299,Nutricionista Esportivo
45322658433,Fisioterapeuta
90805356999,Assistente de Reabilitação Física
28760619455,Treinador de Atletismo
98174686900,Gerente de Eventos Esportivos
18116469722,Técnico de Futebol
74010200922,Assistente de Reabilitação Física
41783670566,Psicólogo Esportivo
19446393900,Professor de Natação
56045372177,Professor de Yoga ou Pilates
12022886500,Gestor de Programas Esportivos
45325596422,Nutricionista Esportivo
13118072688,Técnico de Futebol
16330275700,Professor de Natação
93682839744,Analista de Performance
56365492533,Técnico de Vôlei
50950832211,Administrador de Ginásio
20393388022,Instrutor de Musculação
53627578144,Monitores de Atividades Recreativas
79135723022,Gestor de Programas Esportivos
13496752611,Administrador de Ginásio
32978954388,Monitores de Atividades Recreativas
64655624644,Professor de Educação Física
26940476100,Treinador de Atletismo
32515865211,Professor de Natação
51490095399,Coordenador de Atividades Esportivas
51931705100,Supervisor de Recreação
64841544300,Fisioterapeuta
88011445200,Professor de Natação
55048294966,Professor de Natação
44757505399,Preparador Físico
27318281455,Monitores de Atividades Recreativas
86654360300,Supervisor de Recreação
19564412988,Professor de Natação
19623911244,Coordenador de Atividades Esportivas
97214013588,Administrador de Ginásio
99546246433,Supervisor de Recreação
46681107288,Técnico de Vôlei
40075874266,Professor de Educação Física
27628389400,Coordenador de Atividades Esportivas
70680855633,Supervisor de Recreação
58348813000,Gestor de Programas Esportivos
68196123466,Monitores de Atividades Recreativas
26901838899,Assistente de Reabilitação Física
25485235866,Professor de Educação Física
45502780055,Treinador de Atletismo
99786404288,Assistente de Reabilitação Física
72400071899,Monitores de Atividades Recreativas
91680696855,Treinador de Atletismo
46920555533,Técnico de Vôlei
74773897044,Gerente de Eventos Esportivos
74077526800,Supervisor de Recreação
13338513322,Instrutor de Musculação
90176454900,Professor de Educação Física
89645066266,Nutricionista Esportivo
85447511722,Gestor de Programas Esportivos
11445836088,Professor de Natação
23077602377,Técnico de Futebol
78978874488,Monitores de Atividades Recreativas
16624050300,Administrador de Ginásio
71795990422,Professor de Natação
55721272999,Fisioterapeuta
95882510955,Fisioterapeuta
76279321222,Assistente de Reabilitação Física
23949185866,Analista de Performance
66690407766,Assistente de Reabilitação Física
59685293188,Monitores de Atividades Recreativas
86783619566,Professor de Natação
32659617700,Gerente de Eventos Esportivos
71706746377,Analista de Performance
94182419600,Psicólogo Esportivo
11411321844,Professor de Educação Física
70137699400,Monitores de Atividades Recreativas
42672174088,Monitores de Atividades Recreativas
89912752811,Treinador de Atletismo
29592437577,Técnico de Futebol
75080161144,Monitores de Atividades Recreativas
60480330522,Preparador Físico
37970312977,Técnico de Futebol
75954193877,Monitores de Atividades Recreativas
16511814200,Especialista em Medicina Esportiva
22719463955,Treinador de Atletismo
15676463799,Fisioterapeuta
72035803266,Supervisor de Recreação
94957192911,Instrutor de Musculação
10429907788,Treinador de Atletismo
53153969677,Especialista em Medicina Esportiva
62258759644,Instrutor de Musculação
97143956077,Especialista em Medicina Esportiva
69484681522,Assistente de Reabilitação Física
22989616899,Especialista em Medicina Esportiva
12507606077,Nutricionista Esportivo
42679279877,Treinador de Atletismo
39603912422,Assistente de Reabilitação Física
74878651000,Técnico de Futebol
21237541611,Psicólogo Esportivo
91781057066,Supervisor de Recreação
10868516766,Gerente de Eventos Esportivos
31931867322,Monitores de Atividades Recreativas
96837531322,Psicólogo Esportivo
40000873044,Preparador Físico
63222694966,Gerente de Eventos Esportivos
97744229299,Gerente de Eventos Esportivos
95746921088,Técnico de Futebol
42527461088,Técnico de Vôlei
77814118200,Treinador de Atletismo
95432871399,Técnico de Futebol
90223126155,Supervisor de Recreação
97583651344,Gestor de Programas Esportivos
29365940499,Professor de Educação Física
13599999144,Analista de Performance
41836182311,Psicólogo Esportivo
22529683700,Professor de Educação Física
55215948411,Técnico de Futebol
24675885211,Monitores de Atividades Recreativas
65619380388,Monitores de Atividades Recreativas
50034786311,Monitores de Atividades Recreativas
49525360922,Supervisor de Recreação
23645995477,Analista de Performance
55097439800,Gerente de Eventos Esportivos
44444151855,Analista de Performance
59483627799,Administrador de Ginásio
84838847122,Especialista em Medicina Esportiva
86266854599,Professor de Yoga ou Pilates
32956193522,Fisioterapeuta
71594534333,Nutricionista Esportivo
41277067833,Analista de Performance
99945435399,Professor de Educação Física
64770997800,Treinador de Atletismo
21571455755,Administrador de Ginásio
68015161833,Professor de Natação
97856459400,Especialista em Medicina Esportiva
62488501944,Monitores de Atividades Recreativas
13550335866,Especialista em Medicina Esportiva
15395259611,Instrutor de Musculação
65944328188,Monitores de Atividades Recreativas
76389785522,Supervisor de Recreação
87471530911,Professor de Educação Física
84694970222,Analista de Performance
61127982633,Fisioterapeuta
21880614200,Gestor de Programas Esportivos
25192579700,Treinador de Atletismo
31058466899,Nutricionista Esportivo
58960427877,Administrador de Ginásio
45222223277,Especialista em Medicina Esportiva
67878984366,Preparador Físico
15405998099,Treinador de Atletismo
98377864422,Psicólogo Esportivo
17368470822,Administrador de Ginásio
69788210555,Supervisor de Recreação
53822111755,Analista de Performance
10905820055,Fisioterapeuta
93962263511,Professor de Natação
14208120766,Gerente de Eventos Esportivos
22355822499,Professor de Natação
42986747388,Técnico de Vôlei
31619475766,Assistente de Reabilitação Física
83918781988,Especialista em Medicina Esportiva
16643136999,Técnico de Futebol
95160223833,Preparador Físico
60418756355,Psicólogo Esportivo
91256331477,Nutricionista Esportivo
94203941311,Técnico de Vôlei
21342698399,Preparador Físico
79927220788,Professor de Yoga ou Pilates
32550705977,Treinador de Atletismo
58497649844,Treinador de Atletismo
47028166244,Coordenador de Atividades Esportivas
60267140222,Monitores de Atividades Recreativas
35552439933,Fisioterapeuta
50730412322,Professor de Natação
79541261700,Gestor de Programas Esportivos
56409652900,Fisioterapeuta
71960291000,Fisioterapeuta
58254526211,Professor de Educação Física
44345560888,Psicólogo Esportivo
30153912166,Instrutor de Musculação
86464031733,Administrador de Ginásio
54848845511,Assistente de Reabilitação Física
60123926211,Preparador Físico
89551730400,Analista de Performance
98805900233,Analista de Performance
99311480122,Fisioterapeuta
25899530388,Treinador de Atletismo
14255061355,Psicólogo Esportivo
63278038144,Instrutor de Musculação
64211450788,Técnico de Vôlei
46982729477,Instrutor de Musculação
32518764066,Técnico de Futebol
70512176400,Treinador de Atletismo
82238161300,Técnico de Futebol
55124526222,Supervisor de Recreação
21401665822,Coordenador de Atividades Esportivas
59011623400,Professor de Yoga ou Pilates
35317656711,Técnico de Vôlei
90591483555,Assistente de Reabilitação Física
49986192177,Professor de Educação Física
50334844355,Técnico de Futebol
89440566411,Gestor de Programas Esportivos
82113129999,Analista de Performance
11086203299,Administrador de Ginásio
98952740255,Técnico de Futebol
25805053188,Gestor de Programas Esportivos
10150431355,Assistente de Reabilitação Física
35278504499,Supervisor de Recreação
41373539722,Administrador de Ginásio
45307308400,Supervisor de Recreação
83199081244,Assistente de Reabilitação Física
33699405233,Gerente de Eventos Esportivos
72404817511,Especialista em Medicina Esportiva
44292028000,Especialista em Medicina Esportiva
38580277311,Gestor de Programas Esportivos
54308945322,Professor de Educação Física
58102917088,Psicólogo Esportivo
55316748488,Gerente de Eventos Esportivos
50523094066,Técnico de Vôlei
26527675777,Coordenador de Atividades Esportivas
15388078400,Nutricionista Esportivo
79281204888,Administrador de Ginásio
28070923733,Nutricionista Esportivo
48487549922,Preparador Físico
46547996722,Instrutor de Musculação
57928997388,Especialista em Medicina Esportiva
94836287177,Gestor de Programas Esportivos
53270922755,Assistente de Reabilitação Física
50515367355,Administrador de Ginásio
96853859477,Coordenador de Atividades Esportivas
71514085288,Professor de Educação Física
79418218699,Analista de Performance
81159062633,Assistente de Reabilitação Física
29035138488,Monitores de Atividades Recreativas
10533394700,Gestor de Programas Esportivos
25992719400,Técnico de Futebol
96907742477,Monitores de Atividades Recreativas
17049221511,Administrador de Ginásio
86963813866,Gerente de Eventos Esportivos
45600168366,Professor de Educação Física
36979171888,Especialista em Medicina Esportiva
27183392411,Professor de Educação Física
83885813255,Professor de Natação
93494252200,Coordenador de Atividades Esportivas
37956200233,Gestor de Programas Esportivos
97674394044,Gerente de Eventos Esportivos
28530021955,Monitores de Atividades Recreativas
38850312999,Professor de Natação
96851735911,Gerente de Eventos Esportivos
15446762044,Treinador de Atletismo
32940465377,Técnico de Vôlei
49010850933,Monitores de Atividades Recreativas
68845177511,Instrutor de Musculação
89176778433,Psicólogo Esportivo
50560895911,Instrutor de Musculação
27065601777,Professor de Yoga ou Pilates
29834332777,Especialista em Medicina Esportiva
48247849999,Treinador de Atletismo
66325348999,Técnico de Futebol
47781449377,Técnico de Vôlei
50299193255,Analista de Performance
19704065422,Treinador de Atletismo
63606221066,Nutricionista Esportivo
77171968911,Gestor de Programas Esportivos
63322396622,Coordenador de Atividades Esportivas
75935790266,Treinador de Atletismo
57101376344,Assistente de Reabilitação Física
86297939100,Instrutor de Musculação
19414094233,Supervisor de Recreação
59897058755,Professor de Yoga ou Pilates
96516875766,Gestor de Programas Esportivos
93506385922,Administrador de Ginásio
38981318666,Administrador de Ginásio
69138166266,Administrador de Ginásio
52420099855,Administrador de Ginásio
38360894677,Treinador de Atletismo
42796192633,Técnico de Vôlei
43491582866,Técnico de Vôlei
48008963200,Supervisor de Recreação
97080341855,Gestor de Programas Esportivos
70905205877,Técnico de Futebol
91032036466,Técnico de Vôlei
87673350044,Supervisor de Recreação
41836858422,Preparador Físico
50394815511,Monitores de Atividades Recreativas
44626852299,Professor de Natação
79220622222,Especialista em Medicina Esportiva
18036862199,Especialista em Medicina Esportiva
14013766066,Nutricionista Esportivo
75511218388,Treinador de Atletismo
25867573433,Administrador de Ginásio
79836058700,Analista de Performance
99675712177,Administrador de Ginásio
62005677788,Técnico de Futebol
14200788444,Supervisor de Recreação
89923435822,Técnico de Futebol
62658715366,Coordenador de Atividades Esportivas
19472837900,Preparador Físico
56428646888,Especialista em Medicina Esportiva
24716330800,Professor de Educação Física
80473854100,Gerente de Eventos Esportivos
68355054199,Professor de Yoga ou Pilates
50996255177,Treinador de Atletismo
85723777199,Administrador de Ginásio
97343546399,Monitores de Atividades Recreativas
72541953655,Analista de Performance
45978958766,Administrador de Ginásio
50726295033,Analista de Performance
33571934266,Professor de Educação Física
30437939866,Instrutor de Musculação
88714523133,Administrador de Ginásio
66624091111,Técnico de Futebol
99084605011,Professor de Yoga ou Pilates
38695956633,Técnico de Vôlei
42038644611,Administrador de Ginásio
24284825300,Fisioterapeuta
96755172800,Fisioterapeuta
37510975622,Supervisor de Recreação
72856984900,Analista de Performance
51434772711,Monitores de Atividades Recreativas
89709390677,Técnico de Futebol
75762938299,Supervisor de Recreação
60878721911,Fisioterapeuta
13548158822,Técnico de Futebol
39451224144,Gestor de Programas Esportivos
27074842611,Fisioterapeuta
39647066122,Psicólogo Esportivo
92305610700,Administrador de Ginásio
64624820288,Professor de Educação Física
12575287933,Analista de Performance
87910116477,Monitores de Atividades Recreativas
84249855599,Supervisor de Recreação
72590473566,Supervisor de Recreação
21784611155,Especialista em Medicina Esportiva
72958165344,Fisioterapeuta
41278405877,Professor de Yoga ou Pilates
21404050566,Professor de Yoga ou Pilates
37879947855,Especialista em Medicina Esportiva
14962541555,Administrador de Ginásio
68605235733,Gestor de Programas Esportivos
50107141322,Analista de Performance
74505158733,Especialista em Medicina Esportiva
24559931833,Fisioterapeuta
97408249433,Professor de Educação Física
68122508300,Analista de Performance
61811208155,Supervisor de Recreação
48000374255,Instrutor de Musculação
30294780688,Coordenador de Atividades Esportivas
96361513933,Especialista em Medicina Esportiva
48161784655,Técnico de Vôlei
80561332088,Preparador Físico
29255761844,Coordenador de Atividades Esportivas
97390860800,Assistente de Reabilitação Física
45345351711,Psicólogo Esportivo
19025959399,Psicólogo Esportivo
90961513800,Assistente de Reabilitação Física
73006295477,Coordenador de Atividades Esportivas
78425977233,Preparador Físico
72570637888,Administrador de Ginásio
18730263077,Preparador Físico
44930704044,Especialista em Medicina Esportiva
31990290433,Assistente de Reabilitação Física
93540462077,Gestor de Programas Esportivos
14343036166,Supervisor de Recreação
60839526033,Especialista em Medicina Esportiva
63056283000,Analista de Performance
76571013777,Coordenador de Atividades Esportivas
88307144533,Professor de Yoga ou Pilates
63127426955,Especialista em Medicina Esportiva
48106411633,Professor de Educação Física
34602231899,Treinador de Atletismo
61625025111,Monitores de Atividades Recreativas
93329619211,Nutricionista Esportivo
87598131722,Gerente de Eventos Esportivos
82057096533,Psicólogo Esportivo
60495479200,Treinador de Atletismo
64949926844,Coordenador de Atividades Esportivas
24192806444,Supervisor de Recreação
15985195811,Analista de Performance
64475439500,Técnico de Futebol
80569203900,Fisioterapeuta
48688514388,Fisioterapeuta
71520516588,Treinador de Atletismo
89735809655,Administrador de Ginásio
75458034777,Professor de Educação Física
83479691755,Supervisor de Recreação
64826716322,Psicólogo Esportivo
57434071699,Preparador Físico
52540882733,Treinador de Atletismo
33193656222,Coordenador de Atividades Esportivas
89542582122,Preparador Físico
10471477188,Professor de Yoga ou Pilates
65347663022,Monitores de Atividades Recreativas
32081674233,Monitores de Atividades Recreativas
90588279177,Técnico de Vôlei
70645499566,Administrador de Ginásio
80024456944,Treinador de Atletismo
32981794699,Professor de Yoga ou Pilates
18894126600,Professor de Yoga ou Pilates
57767870255,Psicólogo Esportivo
41371912477,Monitores de Atividades Recreativas
36417370522,Nutricionista Esportivo
28817712388,Analista de Performance
33075061888,Professor de Natação
51541350755,Administrador de Ginásio
52219393399,Técnico de Futebol
39392411488,Especialista em Medicina Esportiva
71681707833,Analista de Performance
75112008500,Preparador Físico
74375838366,Supervisor de Recreação
39668678500,Técnico de Futebol
33260350122,Instrutor de Musculação
31054572755,Psicólogo Esportivo
17295099166,Analista de Performance
13154036255,Professor de Yoga ou Pilates
61449208033,Professor de Natação
47566534133,Treinador de Atletismo
37396781866,Instrutor de Musculação
79236895044,Nutricionista Esportivo
12231025999,Psicólogo Esportivo
37371928988,Preparador Físico
79425895955,Professor de Yoga ou Pilates
29801918500,Coordenador de Atividades Esportivas
46437791600,Coordenador de Atividades Esportivas
88203331800,Instrutor de Musculação
71595163033,Preparador Físico
51846351300,Monitores de Atividades Recreativas
72529296555,Analista de Performance
94481365955,Administrador de Ginásio
65474781733,Preparador Físico
96362505966,Instrutor de Musculação
27313294088,Analista de Performance
79025001600,Administrador de Ginásio
49860603099,Instrutor de Musculação
13240297655,Psicólogo Esportivo
32149779700,Técnico de Vôlei
11607712277,Gestor de Programas Esportivos
11587381533,Técnico de Vôlei
85089404599,Especialista em Medicina Esportiva
18593869899,Monitores de Atividades Recreativas
34339278555,Técnico de Futebol
73633405600,Professor de Yoga ou Pilates
96890659200,Gestor de Programas Esportivos
25818430200,Assistente de Reabilitação Física
46973637799,Supervisor de Recreação
81846700444,Professor de Educação Física
60762604599,Instrutor de Musculação
74149109388,Especialista em Medicina Esportiva
56735083288,Monitores de Atividades Recreativas
12262637988,Analista de Performance
54283611400,Gerente de Eventos Esportivos
83798561800,Preparador Físico
85435013188,Supervisor de Recreação
94345384911,Preparador Físico
49584346744,Psicólogo Esportivo
59726558533,Instrutor de Musculação
99759734000,Analista de Performance
71205277622,Supervisor de Recreação
22742114344,Instrutor de Musculação
83295517766,Coordenador de Atividades Esportivas
80628320822,Monitores de Atividades Recreativas
23198955400,Gestor de Programas Esportivos
72496819744,Gerente de Eventos Esportivos
99501180266,Instrutor de Musculação
86974153655,Gerente de Eventos Esportivos
85143229077,Coordenador de Atividades Esportivas
25244141755,Coordenador de Atividades Esportivas
81576410800,Analista de Performance
61569589911,Professor de Educação Física
66921213533,Gerente de Eventos Esportivos
22522183477,Nutricionista Esportivo
33775712300,Coordenador de Atividades Esportivas
23495486866,Técnico de Vôlei
81690422088,Treinador de Atletismo
11365121522,Assistente de Reabilitação Física
74115757399,Técnico de Futebol
96031465600,Fisioterapeuta
47863879911,Coordenador de Atividades Esportivas
42789634599,Fisioterapeuta
89893078488,Professor de Educação Física
77456316611,Administrador de Ginásio
76718826077,Monitores de Atividades Recreativas
46923691755,Professor de Yoga ou Pilates
63133067599,Nutricionista Esportivo
61429495022,Professor de Natação
34359806055,Gerente de Eventos Esportivos
61500536444,Assistente de Reabilitação Física
35329054699,Gestor de Programas Esportivos
25957683799,Fisioterapeuta
60349936877,Supervisor de Recreação
62482153833,Instrutor de Musculação
65981767866,Técnico de Futebol
25008049766,Professor de Educação Física
16454850644,Nutricionista Esportivo
87982686199,Especialista em Medicina Esportiva
34303231000,Preparador Físico
46911396300,Fisioterapeuta
