CPF,NOME,EMAIL,CELULAR,DATA_NASCIMENTO
48510034711,Manuela Melo,moraesvitor@example.org,(11) 98429-2016,1990-08-08
20216574266,Srta. Alice Cassiano,eduardo26@example.net,(11) 97705-4014,1970-01-18
94135467899,Isadora Santos,isabela75@example.net,(11) 95699-3248,1998-01-04
10327013155,Eduarda da Rosa,ybarros@example.org,(11) 99271-6779,1963-09-12
14767569533,Enzo Gabriel Alves,agatha51@example.net,(11) 94560-6299,2006-01-19
97237444900,Maria Fernanda Cardoso,daniel56@example.net,(11) 96983-6130,1954-10-17
79168763966,Lorena Cardoso,arthur-gabriel56@example.net,(11) 98732-6326,1976-09-05
40027431011,Dra. Jade da Costa,ravycasa-grande@example.net,(11) 97231-7791,1979-10-14
95214058999,Rodrigo Siqueira,joana02@example.org,(11) 99630-7162,1971-03-01
60918070488,Diogo da Mata,pedro-miguel81@example.org,(11) 94569-9910,1983-05-03
87573577577,Sr. Erick Gonçalves,enzo-gabriel55@example.com,(11) 91317-8621,1975-02-13
93255137733,Dra. Mariah da Rocha,vieiraheloisa@example.org,(11) 97093-7497,1987-10-29
75354636733,Letícia Albuquerque,emanuella14@example.net,(11) 99846-7432,1954-02-13
61803350366,Paulo Camargo,machadocecilia@example.org,(11) 92532-3199,1985-12-20
53904425555,Enzo Siqueira,oliviada-mata@example.org,(11) 94620-1001,1994-08-06
31320578433,Ravy Ramos,amanda75@example.net,(11) 93292-5153,1960-09-12
28844641077,Catarina Pimenta,dsa@example.com,(11) 97323-8103,2003-09-26
15740687255,João Gabriel Guerra,bryanbrito@example.com,(11) 94708-2995,1975-05-23
98233493988,Dante da Rosa,aparecidacalebe@example.net,(11) 94490-4509,1995-08-05
71564439333,Otto Fonseca,pereiramaria-flor@example.net,(11) 97249-2987,1998-06-02
39783802188,Yasmin Pimenta,vfernandes@example.com,(11) 94965-5717,1960-10-30
19810186977,Maria Julia Casa Grande,lunanascimento@example.org,(11) 91691-4746,2003-05-04
55246232300,Sr. João Gabriel Barbosa,mendesgiovanna@example.com,(11) 97833-3032,1987-09-14
37840984011,Ana Siqueira,wsilva@example.net,(11) 97049-5620,1990-03-26
88517569533,Sr. Emanuel Rezende,moreiraalexia@example.net,(11) 98628-8935,1961-03-24
94252405666,Manuela Cassiano,sarabarros@example.net,(11) 96756-8293,1991-11-23
71510670544,Caio Abreu,yuri22@example.com,(11) 98650-5751,1994-03-26
19395174355,Luan Pimenta,vitor95@example.net,(11) 96788-7110,1983-12-08
79447539533,Vinicius Cirino,almeidaliam@example.org,(11) 92204-2224,1997-09-25
68894808488,Ana Sophia Marques,felipe02@example.net,(11) 96848-4420,1967-11-21
21573417144,Calebe Ramos,dsantos@example.net,(11) 94956-3953,1992-03-16
68647368300,Dra. Ágatha Porto,crodrigues@example.com,(11) 91795-2555,1966-01-04
26278414166,Cauã Correia,bcavalcanti@example.org,(11) 94280-2490,1950-08-26
23693827755,Enzo Gabriel Aragão,joao-pedro82@example.org,(11) 97953-6378,1957-03-20
32559951244,Kamilly Moraes,hmendes@example.com,(11) 98670-2425,1986-09-13
96932126577,Luana Barros,wdas-neves@example.org,(11) 99490-5701,1971-10-05
53106027399,Lavínia Ramos,nascimentoisabel@example.com,(11) 94457-6612,1988-01-19
13566833399,Dra. Luna Montenegro,ceciliaalves@example.org,(11) 93653-5571,1976-12-25
33919516055,Allana da Mota,erickda-cruz@example.net,(11) 95762-9513,1982-11-21
89516303666,Srta. Marcela Dias,cavalcantimaria-julia@example.net,(11) 99016-4743,1976-03-26
13231694155,Bella Cirino,casa-grandejade@example.com,(11) 91701-4366,1991-06-29
41735800455,Marcos Vinicius Câmara,hmacedo@example.org,(11) 99958-7821,1961-12-20
23155893633,Srta. Maya Camargo,lunnafarias@example.com,(11) 97015-3420,1982-05-26
29467655633,Sra. Maria Clara Moraes,pastorcatarina@example.org,(11) 94788-8556,1970-03-01
48019692322,Ian Macedo,mateusmendes@example.com,(11) 93989-6790,1968-08-03
94188155166,Luísa Silva,sofia65@example.com,(11) 94290-9402,1961-02-11
56981997522,Dr. Paulo Leão,beniciojesus@example.net,(11) 92221-9790,1985-11-05
15954019033,Bruna Teixeira,luiz-felipe48@example.com,(11) 97728-9682,1990-12-24
57389402377,Ana Carolina Correia,danilo06@example.org,(11) 91539-4098,1959-03-16
36141262344,Dra. Ayla Duarte,enriconascimento@example.com,(11) 97055-9211,1958-04-14
39186786100,Sophia Barbosa,bianca60@example.com,(11) 94983-9480,1988-03-23
88186556200,Ana Laura Mendes,cda-cunha@example.net,(11) 97253-2877,1950-12-01
71394058400,Alícia Lima,novaisantony@example.com,(11) 99151-4501,1998-08-18
89048220688,Asafe da Paz,laviniadias@example.org,(11) 99346-8829,1947-01-25
16152278577,Enrico da Conceição,cassianoeduarda@example.net,(11) 98909-2482,1986-08-25
27387588355,Aurora Pinto,davi08@example.com,(11) 95645-7527,1975-12-08
38830863122,Giovanna Alves,hrios@example.net,(11) 91663-3462,1954-03-22
73462388777,Julia Montenegro,ccassiano@example.org,(11) 92082-7444,1968-05-08
58308879322,Gustavo Henrique Barbosa,kaiqueferreira@example.org,(11) 94088-9300,1968-02-11
88140971199,José Miguel Fonseca,silvalucas-gabriel@example.com,(11) 93237-7309,1960-02-15
88591592966,Srta. Liz Almeida,lorenarocha@example.org,(11) 97128-1668,1972-05-14
96174245177,Ana Rios,joao-felipesiqueira@example.org,(11) 98612-7330,1945-12-28
72583387999,Raul da Costa,siqueiradavi@example.com,(11) 94601-2409,1978-09-01
51885693533,Josué Fogaça,ufreitas@example.net,(11) 95349-9422,2005-02-19
92553632711,Guilherme Pires,caue63@example.com,(11) 94836-8323,1979-05-04
15708066322,Gabriel Guerra,luna70@example.net,(11) 91192-9720,1973-01-25
79881865588,Eduardo Monteiro,camila94@example.org,(11) 99484-3186,1986-12-10
15982064277,Antony da Cruz,das-nevesanna-liz@example.com,(11) 92743-5927,1977-11-21
95273810455,Maria Isis Farias,ana-luiza97@example.net,(11) 97639-1767,1956-03-30
56677431677,Emanuella Novais,lucca18@example.net,(11) 93030-5824,1975-09-12
24090661199,Maria Isis Jesus,juliamendonca@example.net,(11) 92071-7027,1957-09-05
90498800022,Luiz Henrique Aragão,salesdaniela@example.com,(11) 92390-1255,1958-05-28
86252566600,Maitê Fernandes,igor99@example.org,(11) 91982-2800,1964-06-22
78762474666,Anthony Gabriel da Cruz,vitor-hugo98@example.net,(11) 99044-5592,1996-09-25
32513315233,Marcela Borges,vsampaio@example.com,(11) 99866-4662,1968-06-15
58700788144,Liz Dias,hadassagarcia@example.org,(11) 99577-2731,2004-10-24
26848303988,Sr. Antônio Garcia,usousa@example.net,(11) 97854-6196,1958-07-02
93406089922,Isaque Novaes,raquelnunes@example.com,(11) 96711-8510,2005-01-30
60846880711,Cecilia Fonseca,catarina39@example.org,(11) 92062-5923,1947-09-03
10768128566,Thiago Vasconcelos,josepeixoto@example.net,(11) 91557-2962,1948-12-22
69763418200,Sr. João Lopes,isabella86@example.com,(11) 92817-1985,1999-12-07
73627362311,Yuri Nogueira,hnascimento@example.com,(11) 91519-2883,1987-02-24
55419445622,Catarina Cassiano,rodriguesjoao-guilherme@example.org,(11) 92701-8149,1998-12-24
26395430400,Eduardo Cavalcanti,caraujo@example.org,(11) 93288-8931,1952-01-29
87334033333,Ryan da Cruz,qcavalcante@example.net,(11) 92661-6127,1987-06-13
70109897888,Aylla da Mota,luiz-henrique38@example.org,(11) 93004-1262,1958-12-16
86325646255,Agatha Camargo,laisazevedo@example.com,(11) 97754-7515,1989-12-29
13638857311,Dante Pires,vcunha@example.net,(11) 93456-1781,1971-06-04
41322814500,Gustavo Lima,pedro-henrique33@example.com,(11) 98565-5615,1956-04-15
84860043499,Francisco das Neves,zfogaca@example.net,(11) 95744-4953,1995-01-21
93195115944,Ravi Lucca da Costa,carlos-eduardo04@example.net,(11) 92803-8345,1959-10-11
76654596333,Dr. Henry Rios,oazevedo@example.net,(11) 92607-7077,1984-07-07
73450600044,Davi Miguel Camargo,costelahelena@example.com,(11) 98655-3230,2000-10-04
12667519555,Levi Siqueira,vitor47@example.org,(11) 95962-6312,1980-06-11
25490604077,Raul Cunha,cavalcantestephany@example.net,(11) 93692-6300,1956-05-17
83774187700,Stella Pimenta,vieirabrenda@example.org,(11) 99948-7974,2002-01-14
49171482277,Fernanda Rodrigues,isampaio@example.com,(11) 92736-8273,1946-02-18
12094861999,Isabelly Andrade,iribeiro@example.net,(11) 98754-8618,1945-03-10
76457501466,Carolina Rios,ana-sophia77@example.net,(11) 92996-5117,1993-05-19
50736615322,Bernardo Jesus,ssiqueira@example.org,(11) 94646-9160,1966-11-14
73523899111,Lorena Fogaça,mayada-paz@example.net,(11) 98385-5052,1997-09-14
70548783888,Lorena Gonçalves,catarina76@example.com,(11) 98362-6856,1969-08-17
78692133811,Isabella Siqueira,hnunes@example.com,(11) 91183-3240,1947-11-21
84817040911,Ana Moraes,alanaabreu@example.net,(11) 94896-5987,1980-09-24
44553011944,Camila Almeida,cecilia81@example.org,(11) 94406-7476,2001-07-16
18087375800,Sra. Emilly Casa Grande,maria-luiza06@example.net,(11) 94989-4071,1960-07-18
65493183277,José Miguel Moura,casa-grandemariah@example.com,(11) 96206-9421,1994-02-22
45370097488,João Vitor Almeida,mendeslara@example.org,(11) 96494-8277,2002-02-22
14200886888,Asafe Sá,luiz-gustavo44@example.org,(11) 95040-1874,1972-09-14
90746896988,Benício Cirino,nunesevelyn@example.com,(11) 98818-5785,1995-12-15
46546622000,Srta. Olivia Rodrigues,clarice69@example.net,(11) 95889-5255,2007-09-13
47671823100,Anthony Gabriel Macedo,pedro05@example.net,(11) 91777-5239,1977-04-19
45932611988,Lara Cirino,alicecavalcanti@example.org,(11) 93844-3825,1965-10-11
88856892800,Yuri Fonseca,cardosonoah@example.org,(11) 92429-7357,1996-01-03
21806198044,Dr. Ryan Camargo,maria-alice65@example.net,(11) 92385-4250,1952-09-14
75750211677,Diogo da Luz,maria-juliaviana@example.org,(11) 96356-8793,1974-04-11
84501011900,João Felipe Alves,vieiraisis@example.com,(11) 99325-8816,1993-11-20
50708743733,Davi Lucca Oliveira,ana-carolinada-luz@example.org,(11) 93967-8337,1989-03-18
45859819855,Maria Eduarda Moraes,da-luzrhavi@example.com,(11) 91937-7370,1947-11-18
33313547400,Vitor Leão,renancamara@example.com,(11) 98091-4189,1973-12-31
92459059699,Henry Gabriel Lima,juliana76@example.org,(11) 93859-1246,1996-04-02
92665054711,Isabella Novais,ana-julia50@example.net,(11) 99542-2213,1987-12-24
50851671477,João Lucas da Mota,cavalcantegiovanna@example.org,(11) 93971-6042,1982-11-14
76293805266,Alícia Sousa,joao-felipealves@example.org,(11) 94414-9856,1989-12-22
76611891277,Melina Guerra,ester26@example.org,(11) 91761-1517,1971-08-16
28636293444,João Miguel da Mata,luiz-felipe08@example.org,(11) 93290-4936,1988-04-07
59449235477,Samuel Gomes,clarabarbosa@example.com,(11) 91595-9932,2007-01-03
20977993377,Mateus da Rosa,evelyn46@example.org,(11) 91366-3771,1963-02-23
22541330711,Kaique Nunes,arthur-miguel65@example.org,(11) 99839-1945,1981-04-27
69979376244,Valentim Lopes,esterborges@example.net,(11) 98084-1274,1989-02-02
76153407644,João Felipe Alves,ecarvalho@example.com,(11) 91496-6200,1969-11-21
19002109599,Luiz Henrique Camargo,davi-lucca62@example.org,(11) 99354-5723,1948-10-29
69022531533,Maria Luísa da Conceição,luiz-fernando42@example.net,(11) 91793-3654,1966-03-20
42139439500,Fernando Fonseca,thiago91@example.org,(11) 92892-2268,1978-06-29
78616003788,Cecilia das Neves,sara83@example.com,(11) 99172-3054,2001-03-02
39981467500,Sarah Fonseca,liam98@example.net,(11) 97700-3797,2004-09-28
44743287366,Davi Lucas Machado,davi-lucca89@example.org,(11) 92722-3905,1947-12-12
63654660055,Ana Laura Almeida,jda-rosa@example.org,(11) 91634-6239,2001-03-07
91775882233,Anthony Machado,esthercostela@example.com,(11) 96730-5457,2005-09-22
47718311066,Luísa Silva,miguel16@example.org,(11) 95461-9045,2006-11-03
17624765922,Gabriel Marques,davi-miguelnogueira@example.net,(11) 98258-4216,1973-10-08
72790682355,Dr. Thiago Moura,viniciusda-rosa@example.net,(11) 97653-7340,1999-03-29
54666948866,João Lucas da Costa,eloavasconcelos@example.org,(11) 92930-1292,1947-05-25
82844088999,Alexandre Barros,maria-alice90@example.com,(11) 93190-4826,1996-10-27
45020202066,Dra. Ana Liz Pacheco,barbosaraul@example.org,(11) 96228-6799,1976-03-18
94025028588,Felipe Monteiro,anthony-gabriel04@example.net,(11) 99119-9903,1984-05-20
41525459333,Maria Clara Silva,cirinoarthur-gabriel@example.org,(11) 91328-2537,1963-07-23
53953877811,Maria Vitória Cavalcanti,joserios@example.org,(11) 93280-5729,1945-04-13
38091280666,Dra. Emilly Nunes,andrademiguel@example.net,(11) 93974-5986,1998-03-09
49296467155,Levi Pacheco,asafedias@example.org,(11) 99739-4907,1946-06-17
93610061000,Emanuel da Cruz,stephany07@example.com,(11) 94290-3714,1977-03-20
23913824055,Henry Gabriel da Paz,danteabreu@example.net,(11) 96797-5797,1983-11-15
59500903066,Eduardo Vasconcelos,rmachado@example.net,(11) 92158-6968,1974-10-25
60210640899,Hellena Sousa,cazevedo@example.org,(11) 94321-4521,1999-10-09
33409423400,Benicio Pereira,oliveiramaria@example.net,(11) 98749-6966,1977-01-14
51988483366,Lorenzo Pereira,nalves@example.org,(11) 91099-1306,2005-08-07
70754572688,Brenda Machado,eazevedo@example.com,(11) 94700-9591,1946-08-22
59641597966,Valentina Pacheco,liz17@example.org,(11) 93434-4434,1951-10-01
11304055599,Maria Clara da Rocha,saarthur@example.com,(11) 93384-8370,2000-10-06
85557095555,Raul Silva,matteo36@example.com,(11) 97172-7151,1952-04-04
66818512900,Vitor Gabriel Castro,da-costamaria-liz@example.net,(11) 95030-8453,1963-02-11
69971424199,Marina Abreu,ojesus@example.com,(11) 92837-2602,1986-08-27
69905334711,Daniel Pastor,da-rosayago@example.net,(11) 96944-7083,1996-07-22
73077411055,Letícia Freitas,vitoria79@example.org,(11) 92605-9628,1970-09-02
64227633799,Apollo Pinto,sophievasconcelos@example.com,(11) 96094-4629,2007-01-04
21867361100,Amanda Souza,qazevedo@example.org,(11) 93503-5132,1977-07-22
49344822100,Manuella Vasconcelos,tmendonca@example.net,(11) 91948-3818,1964-12-05
94164850633,Mirella Sá,maysa25@example.com,(11) 95680-9371,2005-04-24
34056084733,Gabriela Alves,sousafernando@example.com,(11) 93165-5013,2007-02-11
62702262522,Maya Nunes,ana-julia94@example.org,(11) 95403-2020,1960-10-08
41761254388,Guilherme Cardoso,salesgabriel@example.com,(11) 91619-7849,1949-08-16
15049580633,Antony Vasconcelos,vasconcelosrael@example.net,(11) 95021-4850,1949-04-19
62080395255,Sabrina Cavalcante,limaluiz-otavio@example.com,(11) 93952-2364,1981-12-22
16809422711,Mirella Gonçalves,da-rochajosue@example.org,(11) 96316-1279,1974-03-29
76484404233,José Barros,lramos@example.com,(11) 95039-5666,2001-04-14
90856311900,Lunna Fernandes,diego51@example.org,(11) 94604-9873,1957-06-01
14867573755,Stephany Rezende,arocha@example.com,(11) 96838-4186,1974-05-17
26703400911,Sra. Evelyn da Cruz,fernanda10@example.org,(11) 98260-7584,1971-11-30
96190410977,Cecilia Melo,britomilena@example.org,(11) 97956-4962,1998-05-17
58518364744,Josué Machado,da-matarhavi@example.net,(11) 93732-9054,1964-09-02
76012859100,Luiz Felipe Rocha,zcassiano@example.org,(11) 95014-2493,1966-10-15
85062810322,Stephany Silveira,sophia97@example.net,(11) 91609-4682,1972-04-17
75992162433,Igor Ferreira,da-cruzlunna@example.org,(11) 98687-5372,1965-06-15
18613360800,Larissa Nogueira,isaacvargas@example.org,(11) 97984-9043,1978-08-18
63810002011,Felipe Montenegro,rafaelafogaca@example.net,(11) 95359-5969,2003-03-27
69151150488,Brenda Sá,aalmeida@example.net,(11) 97107-8968,1991-08-04
61824373166,Dra. Stella Souza,vnovaes@example.org,(11) 92070-7626,2007-07-08
97569593555,Henrique Sousa,aylla72@example.net,(11) 95288-1425,1988-06-18
33521923400,Asafe Rocha,heloisa40@example.org,(11) 94935-5012,1972-06-01
53821637744,Beatriz Casa Grande,wpires@example.com,(11) 95348-3779,1966-03-06
46606231811,Luana Viana,martinsleandro@example.org,(11) 94232-6649,1969-10-28
42004923699,Carlos Eduardo Garcia,bruna31@example.org,(11) 96202-4316,1954-10-10
37837616200,Maya Araújo,yago39@example.net,(11) 94596-5275,1952-07-12
26823790522,Laís Lopes,ymacedo@example.org,(11) 92925-7831,1986-11-22
90913078466,Sr. Benício Aparecida,xcassiano@example.org,(11) 96866-3989,1961-09-08
76892495744,Ágatha Oliveira,davi23@example.com,(11) 93097-9113,1995-09-28
27887765000,Clara Cirino,luiz-miguel92@example.org,(11) 98649-1684,1951-10-09
27739718099,Sr. João Felipe Melo,vduarte@example.org,(11) 92393-5008,2005-08-16
95853260600,Francisco Pimenta,maria-vitoriarezende@example.com,(11) 95279-8417,1970-12-15
21977299699,Diego Abreu,costamanuela@example.org,(11) 94890-4801,1958-04-03
51369321800,Antony Dias,britomaria-eduarda@example.com,(11) 97058-2262,1995-12-27
19228422900,Maria Nunes,jose-pedro80@example.com,(11) 93298-4091,1984-07-01
32554673300,Maria Laura Peixoto,julianacarvalho@example.net,(11) 92131-7437,1966-05-31
17996782888,Pietro Vargas,da-matadante@example.org,(11) 91499-1069,1950-05-23
68344175599,Diego Pimenta,gabrielaalves@example.com,(11) 92283-8937,1973-12-11
68858134600,Levi Ribeiro,belladas-neves@example.net,(11) 94373-6633,2002-11-22
25736617333,Sr. Otávio da Rosa,nogueiragael-henrique@example.com,(11) 98538-9212,1997-11-24
87481640033,Benício Oliveira,novaesana-carolina@example.com,(11) 93776-2611,2007-02-12
24530865299,Leandro da Conceição,sophie79@example.com,(11) 95128-4020,1998-02-26
45725363177,Evelyn Martins,camaraeduardo@example.com,(11) 97194-9072,1948-10-25
46317842533,Elisa Aparecida,maria-helenamonteiro@example.net,(11) 91259-8974,1969-05-25
14948841944,Mathias Azevedo,calebeda-rocha@example.net,(11) 93167-7662,1955-12-10
42228358033,Júlia Aparecida,tazevedo@example.com,(11) 98627-9949,1992-09-19
60303359600,Dr. Leonardo Alves,dda-cruz@example.com,(11) 93003-2166,1957-10-24
21191011400,Caroline Pinto,luiz-otaviomachado@example.com,(11) 99206-8967,1997-07-21
79015446866,Sra. Maria Câmara,kvasconcelos@example.com,(11) 97429-2015,1951-10-05
37747210766,Heloisa Barros,maria-clararamos@example.org,(11) 95016-3046,2003-12-08
56268677911,Maria Alice Farias,sarahgomes@example.net,(11) 94119-6713,2000-12-02
84396951366,Yan Pereira,anovaes@example.net,(11) 94847-6437,1984-02-06
65093967933,Julia Pinto,arthurleao@example.net,(11) 97371-6035,1986-06-22
57112931099,Cauã Cassiano,da-matabenicio@example.org,(11) 92886-5628,1996-02-05
71740847022,Sophia Gomes,smacedo@example.org,(11) 94176-1875,1955-04-10
74494793544,Sra. Maria Fernanda Campos,noahlopes@example.org,(11) 93993-4972,1972-08-05
62248986500,Ana Sophia Machado,marquesgiovanna@example.com,(11) 93484-3870,1947-01-23
29756273277,Alexia Ribeiro,vmoreira@example.org,(11) 98399-1128,1956-02-22
79083773000,Yan Freitas,calebecamargo@example.net,(11) 99690-3171,1972-05-31
44102929355,Marina Rodrigues,aparecidathomas@example.com,(11) 98542-4049,1998-12-16
39537800266,Emanuella Nascimento,nmendonca@example.com,(11) 97345-7651,2004-04-19
33865038455,Rafael Casa Grande,rcavalcanti@example.net,(11) 94636-6411,1992-05-13
15805187888,Pedro Miguel Rios,ravysilveira@example.net,(11) 91396-6880,1985-12-21
51332408999,Emanuelly Farias,xcirino@example.net,(11) 93020-5825,1959-01-22
44228215122,Dr. Dante Mendonça,domsilveira@example.net,(11) 95458-7003,1991-02-04
21985041466,Liz Novais,lda-rosa@example.com,(11) 97464-8206,1977-06-02
35677591677,Heloísa da Cunha,albuquerquemirella@example.org,(11) 91180-4077,1998-01-07
77498544877,Bruno Jesus,randrade@example.org,(11) 92499-4056,1986-05-28
96625696344,Samuel Melo,da-luzryan@example.org,(11) 99509-2001,1991-04-28
55612507877,Dra. Melina Santos,pnogueira@example.com,(11) 96829-5109,1961-07-10
27679697177,Srta. Maria Sophia Correia,apollogarcia@example.org,(11) 96924-7116,1947-06-02
71187416200,Luna Brito,bda-rosa@example.net,(11) 97059-5785,1966-02-10
33248678000,Pedro Henrique Melo,joao-guilherme34@example.com,(11) 97863-2101,1961-02-03
85492165000,Lorenzo Pereira,lrios@example.org,(11) 96154-8669,1991-09-30
68907677566,Sophie Campos,emanuel60@example.com,(11) 97764-4861,1967-06-19
88158466700,Sr. Luiz Henrique Mendes,nascimentomaria-isis@example.com,(11) 91386-5325,1959-04-11
81982331800,João Felipe Sampaio,vitor-gabriel51@example.net,(11) 91674-7419,1948-06-16
87383077155,Dra. Bruna Abreu,sophie78@example.com,(11) 93948-4851,1959-11-20
81683550755,André Nunes,ravi28@example.net,(11) 98677-8725,1972-06-15
47105488200,Letícia Borges,cribeiro@example.net,(11) 98416-7298,1979-03-05
65335523255,Marcos Vinicius Aragão,pereirabeatriz@example.com,(11) 93059-3831,1968-05-23
56996747488,Pedro Lucas da Luz,andre84@example.net,(11) 92585-9538,1947-02-07
62435932311,Dr. João Vitor Ferreira,isadora92@example.org,(11) 94857-4326,1981-12-23
31817318622,Dra. Alícia Rocha,felipeandrade@example.org,(11) 95994-7012,1987-04-23
51017759244,Larissa Nogueira,benjaminvasconcelos@example.com,(11) 92076-9726,1977-01-24
40740823900,Evelyn Carvalho,diogosousa@example.com,(11) 92119-1834,1950-09-14
12727055799,Esther Martins,leviviana@example.org,(11) 92042-9345,2001-12-25
61846528500,Laura Machado,eloahda-rocha@example.org,(11) 91074-4210,1960-04-17
68744190722,Davi Lucas Montenegro,pireslaura@example.org,(11) 93651-2547,2005-08-10
19311504944,Davi Luiz da Cruz,moraesisabel@example.net,(11) 97232-8731,1972-06-18
87013991100,Sr. Luiz Gustavo Teixeira,alveselisa@example.com,(11) 98750-6856,2003-06-03
60188064955,Ester da Rosa,umarques@example.net,(11) 94289-2747,1971-11-14
48450553333,Clarice Porto,azevedofernando@example.net,(11) 93698-4065,2004-04-12
45007111200,Vitória Gonçalves,tda-paz@example.org,(11) 97435-6838,1968-07-31
75395347611,Raul Rezende,hazevedo@example.com,(11) 99926-6090,1963-01-12
96439994322,Matteo Fernandes,da-rosabeatriz@example.net,(11) 92053-4624,1970-01-21
65637701855,André Barbosa,leticia57@example.com,(11) 91544-3516,1978-07-27
78801817766,Maria Julia Rezende,lunacarvalho@example.net,(11) 91542-7084,1997-05-18
36836536044,Bryan Albuquerque,saraalmeida@example.net,(11) 98178-1539,1970-05-18
20710527300,Lunna da Rosa,albuquerquedavi@example.net,(11) 99338-6773,1954-10-27
19402449511,José Miguel Duarte,nicole90@example.com,(11) 93861-6618,1983-04-26
97425924700,Carolina Correia,alexia14@example.org,(11) 95751-5042,1955-08-10
12123712244,Apollo Rodrigues,saleseloa@example.net,(11) 94627-1787,1949-11-15
66285805711,Théo Mendonça,bryanfernandes@example.org,(11) 92247-7773,1986-07-17
12479760333,Isaque Santos,alveslucca@example.com,(11) 96924-2730,1957-01-10
36957957277,Vinicius Fonseca,nunescaue@example.org,(11) 95817-9855,1948-02-06
56955743077,Sophia Carvalho,cardosohenry@example.net,(11) 96847-3057,1999-07-25
93893428055,Maria Fernanda Barros,goncalvesmaria-cecilia@example.org,(11) 99404-8468,1996-02-13
68844917100,Gael Barros,ana-vitoriaalves@example.org,(11) 96916-8997,1949-07-10
60347911111,Lucas Pacheco,laviniamoreira@example.com,(11) 99350-9439,1959-12-16
85774840177,Ísis Campos,lopesyago@example.net,(11) 91148-8795,1958-12-15
14337050600,Josué da Cruz,peixotobeatriz@example.org,(11) 91321-5951,1975-12-14
75670728822,Eduarda da Costa,maiteviana@example.com,(11) 99687-9525,1994-06-17
15223809655,Theodoro Freitas,bella93@example.org,(11) 99300-6868,1987-08-10
60663149633,Ravi Freitas,martinsdavi-lucca@example.org,(11) 97805-4063,2001-06-21
34471551911,Ana Sophia Rezende,alexiaoliveira@example.org,(11) 92052-1317,1963-10-16
99665698800,André Cunha,catarinacosta@example.com,(11) 95498-3110,1973-04-24
31505141344,Dra. Heloísa Moreira,imacedo@example.org,(11) 96219-3125,1950-10-19
85670945344,Giovanna Sá,renan69@example.com,(11) 91929-6476,1950-10-08
61041003177,Srta. Ester Camargo,pedro-miguel46@example.org,(11) 98685-6678,1946-06-29
79153138199,Gabriel Ramos,luiz-miguelfogaca@example.net,(11) 98192-8218,1978-02-18
38965935100,Renan Moreira,mduarte@example.com,(11) 95125-5148,1953-07-13
77288790222,Diego Abreu,melissagoncalves@example.com,(11) 91804-5031,1947-07-15
81749498288,Igor Cassiano,zsantos@example.com,(11) 96219-8609,1994-09-25
76074854733,Pietro da Paz,guerrafelipe@example.net,(11) 99180-6954,1956-06-24
43389940377,Ana Sophia Freitas,caleb93@example.org,(11) 96967-7058,1988-04-12
87122992866,Emanuelly Campos,brenojesus@example.net,(11) 94012-6105,1955-06-04
11279002933,Dr. Ravi Lucca Sousa,das-nevesbruno@example.org,(11) 91164-2884,1964-12-08
82745891655,Luna Oliveira,henry-gabrielsales@example.org,(11) 95106-5052,1961-04-17
62422755111,Vitor Gabriel Rodrigues,ana-liviada-rosa@example.com,(11) 92757-1387,1947-11-20
91110329288,Heloisa Cirino,vargasmaysa@example.net,(11) 97547-6752,1978-02-12
10130189822,Dr. João Felipe Almeida,brendada-paz@example.org,(11) 93709-8182,1966-07-16
81091318755,Mateus da Mota,egoncalves@example.net,(11) 94174-3309,1974-11-07
52691202322,Dr. Isaque Costela,pereirarebeca@example.com,(11) 96847-1475,1996-02-10
27437565788,Dra. Ester Costa,vasconceloscarolina@example.net,(11) 91632-9746,1974-11-13
81801134422,Dr. Bruno Machado,manuellacassiano@example.com,(11) 91238-4881,1999-12-12
27018399555,Gael Henrique Fogaça,wrodrigues@example.org,(11) 91794-9924,1958-04-28
18343084888,Danilo Pires,ravi93@example.com,(11) 91243-6099,1994-04-30
93093658622,Cauã Nunes,fogacahenrique@example.net,(11) 92492-7226,1965-05-31
23624415633,Ana Carolina Caldeira,machadodaniela@example.net,(11) 93028-3749,1971-07-09
87004118766,Erick Martins,ana-beatrizvasconcelos@example.org,(11) 96835-3907,1996-08-10
54841179688,Maria Laura Fonseca,eloah25@example.org,(11) 95623-3332,1991-05-14
66636750799,Dr. Antônio Rios,stellamarques@example.org,(11) 97640-7377,1957-09-26
47315437899,Arthur da Rocha,vasconcelosclara@example.org,(11) 91574-9759,1974-04-27
44238449155,Nina Cardoso,mouranicole@example.org,(11) 96905-3753,1960-08-04
78974930322,Benjamin Casa Grande,tmonteiro@example.net,(11) 96172-3663,1972-10-22
10582401611,Leonardo Andrade,joaopinto@example.net,(11) 97919-6639,1965-03-06
47083199088,Calebe Araújo,luanda-mata@example.net,(11) 97986-6390,1975-10-04
44744931255,Emilly da Paz,esousa@example.org,(11) 93357-7265,1991-11-11
16010683444,Sara Barros,piresluiz-fernando@example.net,(11) 97276-8112,1976-03-27
73117495900,Dr. Pedro Monteiro,bruno73@example.net,(11) 91982-2253,1954-12-20
63266343188,Dr. Juan Albuquerque,ravy80@example.org,(11) 94820-3983,1983-10-07
39952627599,Cecilia Pastor,vitorcorreia@example.com,(11) 97682-6637,1986-06-27
34142973611,Agatha Sales,otto91@example.net,(11) 94245-4999,1957-09-19
84808706055,Emanuel Castro,ana-laurapeixoto@example.com,(11) 92982-3875,1996-08-25
47775080300,Matteo Pacheco,santosluiza@example.org,(11) 99169-1657,1945-03-18
94069951400,João Miguel da Mota,ravi03@example.net,(11) 92775-9739,1973-10-02
88745636477,Murilo Borges,leticia80@example.com,(11) 93553-1045,1970-12-06
66557460944,Sr. João Lucas Rodrigues,riosrhavi@example.com,(11) 93285-8591,1978-12-12
17067637000,Sr. Otto Ramos,kazevedo@example.net,(11) 98757-1912,1980-03-24
18904596900,Laís Borges,joao30@example.org,(11) 92327-3525,1975-06-01
26924855800,Dr. Juan Barros,larissamendonca@example.org,(11) 97230-8020,2003-08-27
84534458933,Dr. Henry das Neves,meloclarice@example.org,(11) 93211-4208,1979-10-22
42894398022,Dr. Danilo Cirino,qbrito@example.net,(11) 97660-2992,1945-05-20
13026448744,Rodrigo da Rocha,wpeixoto@example.com,(11) 96299-1772,1952-04-08
29854349988,Manuela Abreu,maria-fernandamacedo@example.com,(11) 98974-1758,1970-05-25
38883345511,Milena Garcia,carolinafogaca@example.com,(11) 97399-7145,2006-07-07
35056105855,Sarah Novaes,luancassiano@example.net,(11) 92399-1782,1964-05-06
35068526555,Isadora Albuquerque,theodoroaragao@example.com,(11) 95048-7785,1982-10-20
28478875711,Maria Júlia Castro,omoreira@example.org,(11) 99924-3130,1954-07-07
98175181166,Emanuel Rocha,zalmeida@example.net,(11) 91667-3503,1978-12-08
23162405500,Eduardo da Cunha,costelaravy@example.org,(11) 94309-2192,1986-02-12
71522245011,Dra. Liz Cirino,silvaemanuelly@example.org,(11) 96358-4063,1979-06-25
83028337544,Vinícius da Costa,gcassiano@example.net,(11) 96573-8589,1997-05-04
26985837622,Bianca Fonseca,fsilveira@example.net,(11) 93350-2536,2002-09-24
90765803088,Rafael Abreu,evelynabreu@example.org,(11) 99357-3139,1964-12-24
93273990722,Luísa Sousa,fonsecarafaela@example.org,(11) 93629-1758,1980-07-19
16064063611,José da Mota,wsa@example.org,(11) 96236-9484,1983-11-16
92366735200,Enzo Porto,waraujo@example.net,(11) 96253-9222,1969-03-27
85545220366,Gabriel da Luz,oliviada-mata@example.com,(11) 91664-8481,1965-04-29
37225996366,Esther Rodrigues,claraborges@example.net,(11) 98685-7440,1952-03-20
71135045822,Dr. Antônio da Cunha,monteiroluiz-henrique@example.org,(11) 93962-1218,1998-08-09
79215475677,Antonella Aparecida,diogo59@example.com,(11) 94618-2394,1948-05-11
92306156099,Sr. Lucca Silveira,auroramacedo@example.com,(11) 91420-9542,1968-12-25
64183171577,Pietra Sá,juliada-rosa@example.com,(11) 92180-2344,1983-01-01
36304996000,Heitor Teixeira,rezendebrayan@example.com,(11) 93763-1534,1990-08-12
73771862911,Matheus Novaes,piresbenjamim@example.net,(11) 93817-8596,1966-04-25
87232907733,Arthur Miguel Nunes,arthur-miguelduarte@example.org,(11) 96764-2820,1979-04-04
90003640511,Antony Ramos,aguerra@example.net,(11) 93600-4970,1972-06-17
21031363222,Carlos Eduardo Fogaça,qandrade@example.com,(11) 93458-3456,1990-05-22
94326100800,Benício Moura,rochathiago@example.org,(11) 97224-8619,2006-02-03
37772240577,Luana Jesus,piresmanuella@example.com,(11) 93214-3881,1962-11-06
26660166500,Sra. Amanda Mendonça,uviana@example.org,(11) 94645-5151,2004-07-05
75074322899,Danilo Santos,jbarbosa@example.net,(11) 92073-3560,1987-07-06
88969832155,Matteo Costela,krodrigues@example.org,(11) 92644-1103,1974-11-06
30715587166,Alexandre Jesus,cauesantos@example.org,(11) 92820-2157,2006-08-07
20732990911,Pedro Pinto,oliviagarcia@example.org,(11) 92239-7900,1965-05-02
60223831377,Gustavo Henrique Lopes,viniciusmoraes@example.net,(11) 97036-5424,1955-01-28
71940555200,Maria Clara Andrade,dpeixoto@example.org,(11) 95955-1422,1988-05-31
69516112622,Vinícius Pereira,luiz-felipe72@example.org,(11) 94233-8588,1961-10-06
27635929022,Dra. Maria Laura Novaes,lvargas@example.net,(11) 92163-3764,1985-11-19
63705131999,Dr. Henrique Cavalcanti,rafaela03@example.com,(11) 94340-7100,1963-07-23
33582441055,Maria Laura Freitas,mrocha@example.net,(11) 99063-2787,1992-07-23
27606726388,Srta. Aurora Abreu,maria-isispereira@example.net,(11) 91027-5202,1956-01-22
96130642144,Gustavo Gonçalves,limasabrina@example.com,(11) 93394-1403,1974-11-27
92172535100,Juan da Rocha,dommachado@example.com,(11) 98152-4803,1974-10-25
91065500700,Ana Liz Mendes,claramelo@example.net,(11) 99719-2398,1975-08-13
59627860922,Thales Aragão,marina29@example.com,(11) 98755-6156,1986-02-08
60478213400,Dr. Ravi Lucca Novais,esther66@example.net,(11) 92631-6870,1970-04-21
93009869700,Levi Cardoso,aparecidamaya@example.org,(11) 98802-6381,1995-12-19
40671434600,Srta. Julia Cassiano,noahmacedo@example.net,(11) 91491-4557,1990-10-01
92291129333,Yuri Borges,marcos-vinicius62@example.net,(11) 98135-7832,1984-10-18
68280561166,Thales Machado,cauecardoso@example.com,(11) 95016-7864,1974-07-21
17564891811,Anna Liz Cirino,fernandesmaria-luisa@example.org,(11) 93321-1521,1947-05-10
42441221844,Carlos Eduardo Cunha,laisda-rosa@example.com,(11) 91542-2630,1952-04-08
57134207288,Liam Abreu,heloisapimenta@example.net,(11) 94383-2258,1981-10-21
42179521044,Srta. Maria Vitória Aparecida,eduardamendonca@example.org,(11) 94146-2873,1985-02-11
86469384411,Nathan Martins,gustavo-henrique00@example.org,(11) 96083-3716,1986-09-05
71541690600,Ester Azevedo,jose-miguelcamara@example.net,(11) 99549-7036,1999-08-02
16033297655,Nathan Castro,dantesantos@example.org,(11) 99477-3873,2001-09-15
43088331599,Pedro Miguel Nunes,lais59@example.com,(11) 92063-1717,1977-01-01
27719442788,Ana Júlia Garcia,ana-ceciliada-cruz@example.net,(11) 99610-1540,1960-12-05
92871037477,Dra. Julia Camargo,barrospedro-miguel@example.net,(11) 98802-9422,1992-11-17
96294754644,Mariana Sales,cauacirino@example.net,(11) 97897-1677,1952-03-09
13886773266,Emanuella Ferreira,da-costaolivia@example.net,(11) 95009-2660,1988-11-10
42088663811,Maria Júlia Moura,fcorreia@example.org,(11) 97054-1522,1972-07-26
20518270600,Larissa Novaes,montenegroagatha@example.net,(11) 94664-4140,1981-07-21
37264359211,Amanda Borges,beniciovargas@example.net,(11) 98241-6727,1955-04-28
56816408844,Isabella Caldeira,agathada-paz@example.org,(11) 97078-9842,1964-04-08
56631669200,Francisco da Costa,portomaria-helena@example.net,(11) 96341-9711,1954-09-03
60515690144,Maria Clara Viana,da-motaleo@example.net,(11) 95297-7911,1985-12-02
15731667900,Ana Cecília Novais,da-rochavitoria@example.com,(11) 98530-9985,1954-10-19
13691850900,Maria Flor Oliveira,gvieira@example.com,(11) 91029-9222,1981-06-24
94262764088,Henrique Pinto,davi-luccamoura@example.com,(11) 94363-4227,1978-03-14
85646978588,Dr. Théo Leão,ana-laura75@example.com,(11) 97700-9804,2005-07-03
71585574488,Fernanda Rios,omacedo@example.net,(11) 94476-2841,1993-06-29
56857801255,Manuela Ribeiro,vitor-hugopeixoto@example.com,(11) 93520-7702,1982-10-14
53485954200,Sra. Giovanna Silveira,samuelcassiano@example.org,(11) 99950-1054,1982-03-20
78781033133,Luna Aragão,ana-juliafonseca@example.org,(11) 92511-2350,1981-09-19
38813704122,Emanuella da Rocha,melolorena@example.org,(11) 95716-9300,1984-08-11
28853243844,Natália da Luz,efogaca@example.net,(11) 97040-4032,1969-07-26
77378130122,Sr. Mateus Pimenta,silvamurilo@example.org,(11) 91526-8926,1950-02-07
82145825044,Agatha Santos,ericknunes@example.com,(11) 94529-9826,1946-09-11
56816284699,Diogo Nascimento,enrico77@example.com,(11) 91064-2324,2000-10-30
47972462511,José Miguel Moreira,joao-pedro07@example.net,(11) 95218-6777,1976-09-06
24578001377,Mathias Pinto,aguerra@example.com,(11) 99348-9754,1948-08-10
45909950500,Felipe Albuquerque,pirespedro@example.net,(11) 96238-8251,1983-06-08
15958877099,Erick Casa Grande,helena47@example.com,(11) 93075-8997,1951-06-05
52356753988,Maria Eduarda Leão,aurora99@example.com,(11) 99956-6396,2005-01-09
81576311222,Srta. Maria Helena Cavalcanti,rochabianca@example.org,(11) 91314-2917,1956-08-25
31636485099,Stephany Siqueira,hcardoso@example.com,(11) 96772-2583,1971-08-18
77295144433,Clara Araújo,crezende@example.com,(11) 92262-5482,2001-09-27
93004337500,Levi Moraes,jnunes@example.net,(11) 99093-7289,1959-08-14
44317774400,Dr. Noah Correia,moreiraeloah@example.net,(11) 97009-7008,1992-01-13
20294773977,Pietro Mendonça,ravy23@example.net,(11) 99216-3610,1994-02-28
73096274744,Laís Monteiro,rgoncalves@example.org,(11) 99396-9095,1963-02-12
16606375033,Dra. Natália Silveira,zfogaca@example.org,(11) 92228-8568,1977-07-03
75211401099,Gael Henrique Sá,samaria-luisa@example.org,(11) 99064-7301,1952-11-26
44995773733,Lucas Rezende,kamilly00@example.net,(11) 95510-6338,1973-08-03
65846750255,Luana Pereira,raul01@example.com,(11) 96278-1156,1995-11-24
64559941088,Maria Luiza Fernandes,levimonteiro@example.com,(11) 92189-4858,1987-12-29
76765983977,Dr. Calebe Machado,antony96@example.org,(11) 92844-1216,1959-06-28
59249152200,Fernando da Rocha,mendeseloa@example.com,(11) 97073-6395,1945-08-04
38640535877,Rodrigo Pimenta,castrocecilia@example.org,(11) 91170-4859,1982-05-24
97807462855,Benicio da Rosa,umoura@example.net,(11) 97920-9854,1994-11-10
68604935266,Vinícius Garcia,noahteixeira@example.net,(11) 98934-3729,1984-03-27
73577588855,Isaque Rocha,joao-lucasgarcia@example.com,(11) 98531-9657,1998-07-21
78891140288,Isabella Marques,vargasdaniel@example.com,(11) 98707-5422,1965-06-11
59369698433,Joaquim Cassiano,rezendejuan@example.net,(11) 95987-5304,1960-10-19
38508482488,João Vitor Pinto,borgesbeatriz@example.net,(11) 91041-6651,1990-04-28
83966450944,Pedro Henrique Rezende,viniciuspacheco@example.net,(11) 98211-4036,1985-12-25
19765843377,Dra. Maria Isis Vieira,ryangarcia@example.org,(11) 91415-4773,1961-09-17
76446923711,Luiz Felipe Fonseca,ravi-lucca45@example.net,(11) 94494-3994,1988-07-05
32108822666,Sra. Bárbara Albuquerque,qramos@example.net,(11) 95439-5226,1998-05-01
91245374466,Sra. Raquel Campos,noahmontenegro@example.com,(11) 97124-4470,2001-07-10
94546503866,Eduardo Alves,zbrito@example.org,(11) 99413-4655,1997-05-08
92235692499,Clara Caldeira,miguelborges@example.net,(11) 92185-6853,1980-08-12
97264314844,Yuri Moraes,rhavida-mata@example.org,(11) 94319-3420,1979-02-28
19229176211,Luiz Gustavo Silveira,allanacarvalho@example.org,(11) 99697-2601,1995-08-12
26285508577,Gabrielly Brito,cmendonca@example.org,(11) 91788-4554,1964-06-07
45839169811,Lunna Gonçalves,calebenovais@example.com,(11) 98257-3810,1955-05-03
97954017266,Yuri Gomes,znascimento@example.net,(11) 99661-5548,1948-11-14
12018885577,Diego Pires,garciacecilia@example.com,(11) 92129-2144,1978-02-11
97469505688,Dra. Maria Vitória Alves,wcasa-grande@example.net,(11) 98096-1987,1991-03-03
97296936844,Dr. Mateus Vasconcelos,vianaana-sophia@example.org,(11) 97003-2041,1960-10-26
30099910966,Heloisa Pires,alicia12@example.org,(11) 96564-4602,1963-08-26
93869219955,Stella Novaes,nicoleoliveira@example.org,(11) 96549-1015,1976-12-08
70635901544,Benício da Mata,danielporto@example.org,(11) 99204-7338,1977-12-06
23833675322,Sra. Juliana Dias,sabrina66@example.net,(11) 94537-4651,2001-04-24
91944637600,Sr. Thales Lopes,ana-laurarezende@example.com,(11) 92444-1129,1971-12-28
45325307500,Dr. Luigi das Neves,hellena51@example.net,(11) 92351-4860,1965-08-27
16032759677,Srta. Maria Helena Pinto,wleao@example.org,(11) 91765-7774,1949-06-15
34343448022,Sr. Leonardo Albuquerque,kmoraes@example.net,(11) 98541-2767,1950-10-04
71683572633,Júlia Cavalcanti,vitorgarcia@example.org,(11) 92966-2988,1985-04-16
58207114088,Laura Caldeira,tcorreia@example.org,(11) 95149-7931,2003-05-24
74528120422,Bento Pires,isaac47@example.com,(11) 93583-5035,1999-11-19
69810782600,Sr. Lucas Melo,danilo27@example.net,(11) 94583-1385,1988-03-07
72441320699,Eduardo Rodrigues,mpinto@example.org,(11) 94798-3619,1976-07-08
21297069677,Maria Fernanda da Conceição,pedro-henrique29@example.com,(11) 95830-4962,1989-11-22
72539700711,Nicole Castro,antonella00@example.com,(11) 97159-3699,1978-03-18
36631298533,Dra. Alice Vasconcelos,valentim32@example.org,(11) 93991-1495,1966-07-28
93589730055,Sr. Calebe da Costa,elisada-rocha@example.org,(11) 96452-1121,1972-08-28
45847435177,Ana Liz da Costa,melomirella@example.org,(11) 94695-1803,1976-12-13
31331180800,Dr. Otto Cunha,antonio86@example.org,(11) 94524-9658,1950-06-20
62683644900,Camila Castro,asaferibeiro@example.com,(11) 95575-2143,2005-01-03
16880290600,Guilherme da Paz,isabelpinto@example.com,(11) 97469-9522,1954-09-19
33486046800,Théo Almeida,alexandre80@example.com,(11) 95303-1804,1979-01-15
15413654533,Matteo Fogaça,caio87@example.net,(11) 93175-5617,1956-01-31
55841315633,Henry Novais,igor96@example.com,(11) 91257-4588,1983-01-30
31834660900,Bruno Azevedo,sabrinanovais@example.net,(11) 98013-5362,1995-07-13
75409548844,Lucca Macedo,pimentapedro-lucas@example.net,(11) 98017-9588,1990-03-04
76358485344,Nathan Abreu,sofia90@example.com,(11) 93837-2945,1945-07-03
26393788999,Benjamin Correia,pedro-miguel39@example.com,(11) 99769-8830,1958-12-22
64999979944,Sra. Maria Isis Borges,cardosoheloisa@example.net,(11) 99071-6949,1986-01-19
82768667000,Luna Casa Grande,gaelramos@example.net,(11) 97591-8242,2000-01-09
54918881688,Sr. Nathan Nunes,garciapietra@example.com,(11) 96110-4377,1946-03-24
15456831155,Lavínia Caldeira,freitaseduarda@example.net,(11) 94680-4200,1970-03-21
35520546422,Srta. Isabelly da Luz,oliveiraraul@example.com,(11) 91729-9303,1974-04-05
44958015544,Luiz Henrique Gonçalves,isadorafonseca@example.org,(11) 95973-4845,1950-12-30
88226074300,Ana Vitória Alves,novaesmaria-luiza@example.org,(11) 93916-6046,2006-10-06
93147611188,Isabela Rocha,scassiano@example.net,(11) 97177-1541,2001-01-24
47120732411,Rael Cardoso,pda-mota@example.net,(11) 98198-3495,1997-03-12
68952746266,Maria Eduarda Sá,ccamargo@example.net,(11) 91163-4341,1946-07-21
19667266433,Sophie Souza,melothales@example.net,(11) 99694-7166,1948-01-12
49636730700,Srta. Gabrielly Camargo,helenafogaca@example.com,(11) 97416-7786,2003-11-26
22374340777,Ana Vitória Silveira,cpires@example.net,(11) 98017-8874,1975-04-26
89755881300,Sr. Davi Luiz Martins,moraeselisa@example.net,(11) 93996-7126,1979-04-04
92357987522,Matheus Guerra,barbaraazevedo@example.net,(11) 97285-2835,1975-01-07
78136543155,Clarice Alves,guerramariah@example.net,(11) 94315-2428,1970-03-26
72655205211,Sr. Raul Guerra,rafaelpinto@example.com,(11) 96684-4926,2001-07-10
42855834533,Emanuelly Silva,ana-cecilianovaes@example.com,(11) 97808-6525,1947-09-27
26282289200,Bárbara da Cruz,caldeirasarah@example.com,(11) 92252-2378,1996-02-03
99826646111,Gabriela Montenegro,da-rosavitoria@example.com,(11) 92507-6309,2001-05-04
96424377244,Isaque Teixeira,limasara@example.net,(11) 97139-3822,1993-11-26
71446262999,Pedro Lucas Casa Grande,caioduarte@example.com,(11) 93233-6117,1983-11-21
76390078444,Maria Liz Pacheco,dnogueira@example.com,(11) 96358-5235,1957-01-28
84056789133,Enzo Carvalho,caldeiracaue@example.com,(11) 95694-7382,1965-05-21
71091352500,Sabrina Lima,sousaluna@example.net,(11) 98858-4842,1973-12-26
11307291766,Caroline Macedo,monteirootavio@example.net,(11) 93092-5399,2002-05-14
23387828799,Caleb da Conceição,teixeiramelissa@example.net,(11) 94642-6909,1976-08-13
42476678744,Giovanna Mendonça,estermonteiro@example.org,(11) 98488-1423,1971-01-14
97409691199,Mariane Moreira,da-cunhaluan@example.com,(11) 96018-5483,1957-09-21
13562811177,Srta. Isis Silveira,diegosousa@example.org,(11) 99236-2916,1986-06-27
12690193688,Maria Liz da Mata,ana-vitorianovais@example.org,(11) 97331-2794,1983-07-01
33359953844,Ísis Rezende,duarteayla@example.net,(11) 97102-2740,1969-03-03
47177579711,Valentim Pastor,mmoraes@example.com,(11) 91693-4593,1959-10-25
28353885400,Sr. Benicio Jesus,melinanovais@example.com,(11) 93561-3295,1994-06-30
24536178500,Dr. Cauê Albuquerque,stella36@example.org,(11) 95413-3186,1948-10-29
23363669322,Júlia Aragão,smoreira@example.org,(11) 93625-7711,1983-07-23
42761849911,Srta. Julia Nunes,lucas41@example.com,(11) 98536-2455,1970-08-10
91981980500,Dra. Pietra Pastor,joao-miguel12@example.com,(11) 99271-5084,1980-09-02
56065054366,Dr. Luigi Gomes,andradeana-julia@example.org,(11) 94534-7328,1973-09-04
36124738166,Rafael Dias,ana-liviada-costa@example.com,(11) 91568-2629,1999-09-02
76796933233,Rhavi Leão,juliana61@example.net,(11) 95566-8782,1969-09-20
83530559533,Srta. Pietra Rocha,alexandre51@example.org,(11) 91309-1148,1952-07-09
73824225855,José Miguel Costa,maria-luiza31@example.com,(11) 91058-6595,1995-07-22
24492894100,Josué Cassiano,cfreitas@example.com,(11) 95076-3541,1966-12-31
15544997800,Laís Farias,isaac90@example.net,(11) 92698-1979,1990-04-11
45646866744,Josué Rezende,zteixeira@example.org,(11) 98427-2214,1998-09-14
24546581788,Isis Silveira,costapietra@example.com,(11) 95744-6356,1967-07-16
30567975355,Dr. Pedro Henrique Dias,mouramelina@example.org,(11) 98023-4997,1977-06-14
83509897188,Enzo Moraes,rafael36@example.com,(11) 94214-2501,1973-10-07
27015189700,Maria Isis da Costa,da-costanatalia@example.com,(11) 94343-5060,1954-05-07
24346135600,Rafaela da Luz,matteo75@example.net,(11) 91163-6182,1995-01-31
67861621933,Miguel Vargas,meloevelyn@example.net,(11) 96684-5498,1983-08-27
67164599877,Esther Mendonça,liamgomes@example.org,(11) 91820-2159,1977-11-13
74796612233,André da Rocha,danielapeixoto@example.com,(11) 93337-7562,1958-06-30
87186828633,Sr. Erick Cavalcanti,pietrafonseca@example.com,(11) 93903-4469,1945-09-29
90501913044,Sr. Ryan Brito,lda-cunha@example.com,(11) 99152-8843,1976-12-02
73401801844,João Guilherme Gonçalves,sgoncalves@example.com,(11) 97798-5831,1997-04-03
39387775400,Esther Sampaio,teixeiraluisa@example.com,(11) 95558-7698,1953-09-07
16953859699,Lunna Peixoto,maria-liz24@example.net,(11) 95645-4419,1983-09-13
71722458222,Srta. Ana Júlia da Luz,isabella99@example.com,(11) 92968-8831,1968-05-07
53165463266,Joana da Rosa,yuri47@example.com,(11) 94190-8956,2006-06-03
28738628588,Gabrielly Câmara,maria-laura48@example.net,(11) 94796-5028,2003-05-02
55520619344,Anna Liz Sousa,antonyda-cunha@example.org,(11) 98638-7766,1984-07-31
94271465088,Bernardo Nunes,evelyn24@example.com,(11) 91047-8295,2004-05-16
37890899233,Ísis da Luz,sophie99@example.com,(11) 92452-5216,1969-11-16
70347960844,Vinícius Monteiro,apires@example.net,(11) 99916-7030,1979-05-08
98295587899,Isaque Azevedo,eloa57@example.com,(11) 92001-7642,1968-12-03
44448511800,Benjamim Azevedo,cecilia01@example.com,(11) 91620-7460,1993-01-12
53241106633,Lucas Gabriel da Mata,pedro-henriquecunha@example.com,(11) 97911-6288,1988-01-30
76362323911,Maria Sophia Castro,ferreiraester@example.com,(11) 91797-2774,1945-12-01
10314616800,Ana Vitória Monteiro,brendaalmeida@example.com,(11) 93820-4194,1989-05-27
28342964800,Isabela Carvalho,mcasa-grande@example.net,(11) 93671-8517,1978-11-06
63799938944,Srta. Valentina Araújo,sampaioemanuel@example.org,(11) 98004-2334,1957-11-17
57007336177,Dr. Murilo Martins,xcavalcante@example.org,(11) 92719-2753,1963-09-22
33158776966,Lorenzo Ramos,nogueiravicente@example.org,(11) 96165-8473,1969-01-15
39361166877,Marcos Vinicius Pacheco,zoliveira@example.org,(11) 98978-2616,1947-08-08
33079105311,Sophia Ribeiro,amandaalbuquerque@example.net,(11) 95678-3122,1947-09-17
28200018822,Ana Lívia da Rosa,andreda-paz@example.org,(11) 91112-2935,1944-12-01
17436242477,Sr. Gael Henrique Sampaio,maria-laura67@example.net,(11) 97746-3635,1949-01-29
18817392444,Henrique das Neves,qbrito@example.org,(11) 95611-8246,1959-03-21
55618372066,Mariah da Luz,matteo32@example.org,(11) 91346-8598,1951-02-03
29592015666,Sr. Bento Pacheco,bvargas@example.com,(11) 92914-2914,1957-11-07
15887072299,Rhavi Barros,abarros@example.net,(11) 97515-6312,1997-08-16
78724850955,Ana Júlia Santos,bpacheco@example.com,(11) 93617-2989,2004-07-28
54439438122,Davi Lucas Nogueira,ottomoraes@example.org,(11) 91486-4036,1978-01-28
88940214833,Leonardo Caldeira,rebecaandrade@example.org,(11) 99696-7159,1988-09-27
51056851800,Mateus Barros,matteoteixeira@example.net,(11) 91304-2165,1984-11-28
97417251322,Sarah da Rocha,maysanunes@example.com,(11) 93992-1975,1979-02-05
35745084766,Otávio Santos,cunhamateus@example.net,(11) 98004-5639,1967-12-18
92083640111,Sra. Ana Vitória Fernandes,machadomaria-vitoria@example.net,(11) 99163-1259,1949-05-31
17891346844,Mathias Castro,malmeida@example.org,(11) 94890-4629,1946-06-12
80700740199,Gustavo Henrique Brito,ana-julia03@example.net,(11) 92518-1064,1959-09-24
75651391066,Isabella Guerra,garciabenjamim@example.org,(11) 94682-3397,1967-07-13
34435122166,Arthur Nogueira,theodoro61@example.org,(11) 91390-7498,1945-07-14
87373636111,Sr. Benjamim Viana,teixeiravicente@example.com,(11) 95473-3318,1967-10-07
39135219500,Alexia Ferreira,vieirabeatriz@example.com,(11) 96301-9759,1947-11-26
47149696411,Henry Gabriel Câmara,eduarda03@example.org,(11) 93570-2028,1986-01-06
35509752011,Noah da Luz,rochaanthony-gabriel@example.net,(11) 93001-7600,1967-10-13
87816664466,Larissa Câmara,joaocaldeira@example.net,(11) 97624-1993,1992-01-29
86787249000,Agatha Mendonça,qsilveira@example.org,(11) 93795-9216,1968-03-21
76177509866,Sra. Luísa Marques,bianca84@example.org,(11) 98416-3917,2001-07-15
21608676166,Luiza Carvalho,ryan48@example.net,(11) 91705-4381,1992-09-03
87192018344,Gabriel Cunha,maria-lizcastro@example.org,(11) 98761-1569,2002-03-25
90320462688,Aylla Pinto,augusto67@example.org,(11) 99455-7919,2001-05-02
10313166555,Maria Luiza Abreu,klopes@example.org,(11) 91709-2999,1955-03-17
70260875411,Bárbara Macedo,emartins@example.com,(11) 96515-6757,1974-04-02
18144432588,Sra. Caroline da Rocha,amacedo@example.org,(11) 93727-5459,1982-09-18
96403161722,Camila Ferreira,anthony43@example.net,(11) 95842-4910,1991-07-20
49430736111,Valentim da Cruz,pnogueira@example.org,(11) 97582-3176,1993-07-17
33733132366,Heloísa Pereira,monteiromaria-vitoria@example.com,(11) 91920-1427,1960-07-17
95733378277,Calebe Ribeiro,esteralmeida@example.com,(11) 95929-5205,2005-12-05
38260186488,Nicolas Vieira,joao-pedro56@example.net,(11) 98127-7528,2007-03-02
75031654300,Maria Vitória Cardoso,allanasampaio@example.com,(11) 92773-3944,1956-10-27
86636180188,Alana Castro,theodas-neves@example.org,(11) 94624-2272,1988-04-29
79921916099,Sr. Luiz Otávio Fonseca,carvalhobarbara@example.org,(11) 91396-2297,1945-12-02
48034431900,Nina Pastor,jade25@example.net,(11) 99505-9126,1969-07-25
83614957033,Benjamin Cunha,ksouza@example.com,(11) 93584-1200,1988-07-17
37179681655,Isabel Carvalho,silvathiago@example.net,(11) 95988-4861,2000-09-07
31454105800,Maria Alice Brito,emoreira@example.net,(11) 97000-9260,1988-08-02
29441919188,Dra. Marcela Sales,aandrade@example.com,(11) 98386-3583,1947-10-08
37338564222,Arthur Gabriel Pacheco,saravi@example.net,(11) 95088-6882,1956-12-19
67911147466,Sra. Mariah Aragão,emanuella51@example.net,(11) 96470-9105,1971-12-19
51119291188,Yago Fogaça,lais88@example.org,(11) 95348-1640,1991-12-22
50239929777,Sra. Maria Alice Novaes,gael-henriquemacedo@example.net,(11) 97835-8772,1961-08-24
11900038999,Ravi Lucca Pires,luiz-fernando72@example.com,(11) 99560-3198,1945-01-04
16599423066,Dra. Hellena Nogueira,ateixeira@example.org,(11) 93682-8300,1966-02-03
30100880199,Lucca da Conceição,vasconcelosagatha@example.org,(11) 91654-7193,2007-10-10
42192961744,Miguel Abreu,viniciusdias@example.com,(11) 98625-7772,1995-07-16
61805475999,Rael Rodrigues,fcamargo@example.org,(11) 99983-4956,1969-05-27
25717568699,Carlos Eduardo Santos,iramos@example.net,(11) 94272-5265,1983-05-18
65891376922,Sra. Maitê Nunes,sousalucas@example.net,(11) 95993-8326,1963-09-20
42585966988,Mateus Albuquerque,nteixeira@example.com,(11) 91687-9608,1998-09-26
19447263300,Henry Gabriel Abreu,vargashellena@example.org,(11) 98802-1122,1972-10-25
43612776211,Dra. Zoe Sampaio,maria-julia37@example.org,(11) 97112-3578,1972-06-22
75523961800,Gabriel da Luz,oliviamendes@example.net,(11) 92885-2035,1957-05-03
68701206500,Gael Cavalcante,liviacampos@example.org,(11) 94297-3851,1945-07-05
66378415288,Ana Clara Correia,wmontenegro@example.net,(11) 96254-4806,1976-08-09
24071594033,Davi Luiz Oliveira,davi-lucasrodrigues@example.net,(11) 99370-7196,1970-09-16
12377339100,Augusto Borges,upimenta@example.com,(11) 97307-1369,1990-11-27
80684561122,Srta. Ana Lívia Castro,isaac50@example.org,(11) 96155-6747,2000-04-22
68312534900,Maria Vitória Lopes,duartepietro@example.com,(11) 99056-2818,1995-03-12
17194365099,Yasmin Correia,da-cruzbenicio@example.com,(11) 99392-3723,1989-03-27
46155446266,Ayla Montenegro,jsouza@example.org,(11) 93264-9343,1965-12-18
13000765933,Theodoro Cassiano,oalves@example.org,(11) 92824-4362,2002-04-22
61578214777,Laís Cassiano,luiz-otavio56@example.com,(11) 97663-8236,1993-10-30
73850022699,Henrique Silveira,maria-luisa37@example.net,(11) 98253-3290,1986-07-19
66693928344,Sra. Alana da Costa,isisvieira@example.org,(11) 93589-5623,1965-07-13
21517169611,João Miguel Sousa,lopesnina@example.net,(11) 92166-8908,2006-08-19
95299016311,Théo Aragão,ana-sophia89@example.org,(11) 98196-4028,1957-02-04
69913786744,Ravy Vasconcelos,iguerra@example.net,(11) 96172-3320,1989-06-23
96088731422,João Lucas Rios,leandro98@example.net,(11) 96390-8376,2002-07-28
50379815066,Melina Melo,larissa13@example.org,(11) 98438-6147,1998-09-27
38031695000,Dr. Leonardo Alves,santosmaria-helena@example.com,(11) 91830-6346,1975-12-12
50601217800,Sr. Luiz Felipe Sampaio,sarahlima@example.com,(11) 94761-5132,1956-10-30
89428894099,Cecilia Souza,isabelfernandes@example.com,(11) 97290-6922,2004-07-05
95332996222,Theo da Mata,bcunha@example.com,(11) 95989-9024,2004-05-16
57365910300,Manuela Vieira,naragao@example.com,(11) 93757-5190,1954-07-03
38089764700,Emanuel Castro,emillycostela@example.net,(11) 93121-8032,1975-06-25
84484811511,Léo Vargas,ana-carolina44@example.org,(11) 99305-5007,1979-04-16
83345876511,Marcela Mendonça,upeixoto@example.net,(11) 93902-2861,1974-03-09
15124507155,Vinicius Montenegro,gomeslorenzo@example.net,(11) 94397-3984,1998-01-26
34974937911,Bryan Pimenta,bellasa@example.net,(11) 95786-4051,1966-01-18
50371728533,Lívia Rocha,ana-juliada-cunha@example.net,(11) 92439-5066,2006-05-08
23071242333,Nicole Guerra,pietro43@example.net,(11) 93890-3028,1991-11-02
50216042011,José Miguel Fogaça,gomesmaria-helena@example.net,(11) 91923-9463,1945-11-24
76056287066,Benício Porto,jda-rocha@example.org,(11) 98350-1226,1999-07-22
39814666599,Bella Siqueira,antonio00@example.com,(11) 95432-5013,1996-08-16
43744228466,Sr. Yuri Rezende,pnascimento@example.com,(11) 99048-8328,1979-09-26
36859313855,Dr. Ravi Brito,bruna45@example.com,(11) 99305-2802,1982-02-08
57804757844,Luara Almeida,manuella07@example.org,(11) 93239-7578,1984-01-20
39330675299,Sr. Levi Albuquerque,sda-mata@example.org,(11) 96965-2262,1948-12-08
56500297099,Dr. Carlos Eduardo Siqueira,maria-laurasales@example.com,(11) 97668-5075,2007-11-04
39593845800,Luísa Nunes,pachecootto@example.org,(11) 97815-2826,1998-10-02
11410218466,Asafe da Mota,saenzo-gabriel@example.com,(11) 91460-4993,1981-01-11
19991824133,Dra. Melina Novais,benicio68@example.net,(11) 98976-1497,1966-06-15
98939096788,Dra. Maria Julia Camargo,thomas73@example.org,(11) 96923-6665,2006-02-19
73617537366,Brayan Jesus,matheus34@example.org,(11) 96495-4158,1953-03-12
76703396166,Beatriz Aparecida,machadoaurora@example.com,(11) 99715-5894,1981-08-23
34478559599,Yan Correia,mrios@example.org,(11) 93636-3644,2005-08-03
59574979166,Lara Castro,emanuelpastor@example.org,(11) 96881-7636,1978-01-02
92652083922,Davi Cardoso,qmachado@example.com,(11) 91259-8234,2000-11-18
69754014200,Otávio Cirino,fernandesmanuela@example.org,(11) 93216-9988,1968-04-03
60227491311,Srta. Maria Fernanda Almeida,yuriabreu@example.org,(11) 99720-3497,1988-06-17
19233245000,Allana Garcia,alice02@example.com,(11) 99754-5234,2007-05-31
24048655600,Dr. Guilherme Pastor,miguel20@example.com,(11) 99394-5962,1964-03-14
31727326144,Kamilly Peixoto,mirella78@example.com,(11) 96861-9519,1961-10-09
48371518688,Ravy Santos,gustavo71@example.org,(11) 99862-5967,1958-10-11
23508360299,Isabella Silveira,benjamim70@example.net,(11) 97396-5984,1983-08-18
77350681233,Sarah Gonçalves,leoda-rocha@example.net,(11) 99856-5301,1955-05-30
63215511711,Emanuel da Paz,almeidabento@example.com,(11) 99086-1704,1965-10-21
81679125822,Sr. Nicolas Andrade,valentim43@example.org,(11) 95611-9158,1965-12-07
24381455444,Calebe Santos,joao-felipepires@example.net,(11) 98817-5171,2001-01-04
40778235011,Lucas Gabriel Silveira,pereiraryan@example.org,(11) 98973-3359,1973-12-28
14064093400,Oliver da Rosa,sda-rosa@example.org,(11) 93338-3228,1988-12-11
76199199455,Olívia da Cruz,agarcia@example.org,(11) 94110-7624,1952-06-18
74599954522,Francisco Teixeira,joao-felipe98@example.org,(11) 94824-8200,1967-02-28
92562800433,Bianca Gomes,aparecidaana-cecilia@example.net,(11) 99006-9932,1989-11-10
77895639044,Maitê Vasconcelos,marcela12@example.org,(11) 94534-8415,1974-10-06
41182402622,Noah Vasconcelos,almeidajoao-miguel@example.net,(11) 99876-8429,1947-09-24
73681486333,Milena Araújo,stellasilveira@example.net,(11) 97704-3046,1969-06-27
92054197022,Ísis Mendonça,emanuel31@example.com,(11) 91755-4677,1958-04-02
81686964844,Leonardo Araújo,gcavalcante@example.net,(11) 92617-4252,1991-09-24
91865849955,Carolina Aparecida,davi68@example.org,(11) 94483-6878,2004-11-18
34147780255,Sr. Apollo Fonseca,joaquimalbuquerque@example.com,(11) 96958-4925,1967-11-06
86726027733,Olivia Gonçalves,eloah94@example.com,(11) 97672-8835,1980-11-02
68370265777,Dra. Clarice Souza,inunes@example.org,(11) 99190-2557,1956-08-22
23493560277,Ayla Vieira,saanna-liz@example.com,(11) 97476-7411,1949-01-14
51616498877,Calebe Mendonça,leaoeduarda@example.org,(11) 93721-4086,1957-01-05
75195317911,Bárbara Cavalcanti,lorenzonovais@example.org,(11) 96139-7661,2005-06-04
83929817155,Gael Fernandes,luiz-henrique43@example.net,(11) 97278-8520,2006-12-27
37085974277,Lorena da Rocha,carolina28@example.com,(11) 96961-6185,1980-09-06
36312025044,Ana Júlia Jesus,lucasmontenegro@example.net,(11) 99161-6839,2002-02-24
38655425733,Luna Costa,elisa27@example.org,(11) 96370-8415,1972-07-14
49881927333,Dra. Ágatha Barros,maria-eduarda36@example.net,(11) 99602-9981,1996-11-06
43248824600,Apollo Fonseca,albuquerquemateus@example.net,(11) 94587-8281,1997-02-04
87408907322,Eduarda Peixoto,enzo-gabriel61@example.org,(11) 95083-5359,1974-08-26
87466671133,Nathan Teixeira,pedro-henrique73@example.org,(11) 97858-9715,1953-03-25
43517354222,Marina Garcia,casa-grandejuliana@example.org,(11) 97936-7191,1945-03-17
28380482011,Dr. Luiz Miguel Pastor,tsiqueira@example.net,(11) 95127-3741,1948-08-13
38396983599,Sra. Ísis Vasconcelos,ana-carolina67@example.org,(11) 92789-4972,1990-03-27
81998125166,Lucas Moraes,arthur-miguelda-costa@example.org,(11) 92666-7510,1960-06-01
49791249411,Heloísa Correia,agathaferreira@example.org,(11) 99735-1092,1961-10-11
99096239511,Sra. Daniela Araújo,beniciocarvalho@example.net,(11) 96202-2280,1965-03-20
46213020277,Maria Luísa Albuquerque,ycosta@example.net,(11) 99019-7031,1984-03-07
22356867100,Vicente da Mata,hbarbosa@example.org,(11) 98610-7528,2003-07-05
39549618144,Sr. Gael Henrique Marques,das-nevesrodrigo@example.org,(11) 95829-7691,1948-09-07
34552954600,Pietra Santos,rochasophia@example.org,(11) 99267-4148,1980-04-14
44553922700,Caio da Paz,isiqueira@example.net,(11) 92889-6695,1958-01-20
29320128433,Ana Júlia Moreira,isadoracampos@example.com,(11) 93930-6949,1950-12-17
19450437177,Ágatha Duarte,wcassiano@example.net,(11) 97572-6779,1971-03-23
27218225511,Sra. Agatha Farias,eduarda59@example.net,(11) 99116-5649,1951-08-31
53050663799,Sr. Marcos Vinicius da Mata,sabrina39@example.org,(11) 91077-5739,2001-11-13
15120141177,Antonella Cirino,sousagael@example.org,(11) 99696-5878,1998-04-22
50673669822,Hadassa Borges,maria20@example.com,(11) 98218-4493,1955-05-05
53877367566,Ana Ferreira,vargasanthony@example.org,(11) 94300-5425,1968-12-01
81271157111,Yasmin Sampaio,asafe95@example.net,(11) 93558-7026,1989-04-15
54479992788,Luiz Otávio Pastor,cirinoluisa@example.net,(11) 92823-4981,2006-11-30
81398809655,João Silva,cunhajosue@example.com,(11) 95769-9933,1992-02-28
76408154877,Manuella Martins,alanacamargo@example.org,(11) 93993-1721,1970-09-22
17208353811,Oliver Novais,theocamargo@example.com,(11) 99132-5448,1999-08-16
23326187400,Davi Lucas Cunha,luan72@example.org,(11) 97878-4054,1951-02-06
37152869899,André Freitas,emonteiro@example.net,(11) 93110-3707,1989-07-22
40939330222,Luana Aragão,leo08@example.org,(11) 99352-9521,1963-08-24
93181096955,Dr. Davi Luiz Nogueira,olivia67@example.org,(11) 94674-2723,1961-04-21
85199786655,Kamilly Costela,pietroaragao@example.com,(11) 95110-6291,1994-01-11
94963634233,Ana Beatriz Oliveira,rodriguesthomas@example.net,(11) 92459-4846,1951-05-01
82257561500,Vinicius Vargas,bruna46@example.net,(11) 95801-6422,1981-04-06
83322906433,Kamilly Siqueira,heloisa53@example.com,(11) 98317-9001,2005-09-02
40806113077,Dr. Matheus Peixoto,jesusmatheus@example.com,(11) 92198-7596,1997-06-02
34567777522,Pedro Lucas Fernandes,borgeslucas@example.com,(11) 99808-7145,1964-08-05
22528007711,Daniel Camargo,cunhahellena@example.net,(11) 93170-4208,1967-08-13
57416757511,Clarice Moraes,mourayan@example.com,(11) 95731-9306,1976-01-12
81840346288,Ana Rocha,elisateixeira@example.net,(11) 99376-4691,1978-12-19
52208394700,Lucca da Mata,tmoreira@example.net,(11) 98357-1792,2003-04-25
63067245599,Gabrielly Barros,maria-julia01@example.net,(11) 98092-6410,1980-10-30
48542815966,Marcelo Dias,gguerra@example.net,(11) 95805-8867,1971-03-16
27130945000,Thiago Moraes,pda-rocha@example.net,(11) 98629-4388,1963-06-07
72371991022,Ravy Brito,siqueirabeatriz@example.com,(11) 96610-1685,1982-02-23
17959583322,Srta. Rebeca Moreira,costelarodrigo@example.com,(11) 97087-4190,1951-05-19
94692603766,Augusto Teixeira,ana-laura33@example.org,(11) 97246-7647,1959-06-27
73748673366,Lucca Macedo,isabela22@example.com,(11) 91115-3075,1963-03-31
53800966899,Luiz Gustavo Siqueira,aparecidaayla@example.net,(11) 92556-8672,1944-12-22
29748825600,Ana Beatriz Marques,pedro-lucasjesus@example.org,(11) 97714-1618,1968-07-23
83833476422,Helena Silveira,jribeiro@example.net,(11) 99015-1862,1985-04-03
57611019477,Ana Sophia Sousa,aylla74@example.com,(11) 95448-5171,2001-08-25
90367984855,Vinicius da Mota,caldeiralucas@example.net,(11) 95645-4849,1973-05-23
74590287200,Laura Sales,sfarias@example.com,(11) 97391-9343,1965-09-06
89825925555,Manuella Souza,mirella59@example.org,(11) 96852-2656,1947-07-17
23478487122,Sarah Nogueira,jesusjoao-guilherme@example.com,(11) 96305-4220,1971-11-09
51364343844,Marcos Vinicius Duarte,melina14@example.net,(11) 91710-2451,1970-07-31
71299243900,Sr. Fernando da Cruz,francisco29@example.net,(11) 97806-7507,1965-12-20
55366269655,Liz Gomes,rodrigueseduarda@example.com,(11) 91052-8806,1994-11-18
90280472477,Liz Lima,elisaalbuquerque@example.org,(11) 92994-6387,1949-10-01
89574510999,Bella Rezende,ana-claraaragao@example.net,(11) 91916-7548,1970-10-21
48063871000,Isaque Lopes,rcamara@example.org,(11) 91534-1024,1970-05-10
84823658355,Anthony Sá,ana-vitoriabarbosa@example.org,(11) 93440-8173,1997-10-14
48468907755,Dom Barros,oduarte@example.org,(11) 97203-2587,1973-12-30
71800342822,Olívia Aparecida,kevinpeixoto@example.com,(11) 95475-8486,1959-10-11
34004835166,Dra. Ayla Ferreira,da-pazmaria-sophia@example.org,(11) 99356-1152,1983-01-20
49722182077,Ana Laura da Mata,foliveira@example.net,(11) 93722-4325,1991-04-24
30067581966,Diego Souza,pauloviana@example.com,(11) 92937-9033,1990-11-19
91555463311,Sophia Lopes,eloah59@example.com,(11) 95807-6919,1997-01-22
88141330344,Yuri Macedo,cassianotheo@example.com,(11) 97938-9045,1965-01-22
23948670866,Dr. Augusto Monteiro,ana-cecilia95@example.com,(11) 99000-6778,1984-02-27
41463828233,Sra. Maria Sophia Martins,evelyn78@example.net,(11) 93647-2403,1982-07-22
34525322322,João Guilherme Caldeira,macedonatalia@example.com,(11) 96864-2305,1958-03-04
67675450311,Benício Azevedo,diegolopes@example.org,(11) 94963-9144,1957-07-21
25611679766,Sra. Agatha Ribeiro,diasmarcela@example.com,(11) 97832-3212,1982-04-17
11522400488,Letícia Barbosa,lara99@example.com,(11) 93355-2779,1982-06-19
85149038611,Dra. Catarina Monteiro,pereiraagatha@example.com,(11) 91531-8579,1955-11-19
16285199166,Valentina Moraes,nunessamuel@example.org,(11) 93982-5776,1976-05-09
37078389788,Letícia Sales,gustavo-henriquerodrigues@example.net,(11) 92113-7285,1965-04-12
22810322644,Vitor Hugo Câmara,cirinoana-livia@example.com,(11) 99054-6222,1955-11-25
59001706166,Sr. Thiago Vieira,ana-beatrizrodrigues@example.org,(11) 98957-5645,2001-05-28
50784377111,Mirella da Cruz,matteo37@example.org,(11) 94457-6889,1962-12-11
15442350111,Valentina Azevedo,jmonteiro@example.com,(11) 96865-7404,1992-10-07
65704584855,Sr. Ravi Aragão,albuquerquemaite@example.org,(11) 91505-8708,1952-11-11
54748926911,Mirella Pacheco,ryancampos@example.net,(11) 96341-6460,1990-07-21
59101900677,Ayla Castro,samuelvasconcelos@example.net,(11) 92712-6692,1978-10-12
53827892744,Dr. Théo Castro,arios@example.net,(11) 99787-9798,1976-07-06
31315260688,Maya Melo,asafesampaio@example.com,(11) 96091-4802,1956-03-10
90972158466,Ísis Oliveira,henriquemontenegro@example.org,(11) 95813-4261,1989-04-30
85074495300,Isaac Nogueira,guilherme46@example.net,(11) 99690-3680,1947-05-05
23305358566,Dom da Costa,garciaarthur-gabriel@example.net,(11) 96789-3370,1981-03-01
70953699922,Rhavi Campos,otto24@example.net,(11) 93660-9742,1972-05-12
21018446566,Valentina Abreu,xgarcia@example.net,(11) 91828-9458,1957-03-17
86586679955,Yago Viana,luiz-gustavo39@example.org,(11) 98676-3284,1997-11-08
20809597277,Sr. Rhavi da Luz,bentoribeiro@example.net,(11) 99388-8736,1965-03-22
42779169700,Fernanda Barros,abreunoah@example.org,(11) 92321-7664,1962-09-19
23693519000,Helena Correia,fariashelena@example.com,(11) 92024-2038,1960-07-10
17627639155,Dra. Lívia Albuquerque,kguerra@example.org,(11) 98807-5032,2001-12-19
15760036555,Evelyn Fernandes,agathaalmeida@example.org,(11) 97583-6562,1956-09-11
46976422366,Maria Julia Cassiano,maria-luisa28@example.net,(11) 92224-8970,2006-12-29
12144378266,Letícia Machado,ijesus@example.net,(11) 93736-5319,1969-04-13
93061352977,Nina Silva,esa@example.net,(11) 97939-3533,1995-02-20
36311649711,Olívia da Rosa,isaacramos@example.org,(11) 98758-6675,2004-12-17
67096543388,Sr. Rhavi da Rosa,caldeiraantonio@example.org,(11) 99028-7444,1993-02-08
46231469366,Vinícius Teixeira,sofia39@example.net,(11) 96442-9812,1969-08-05
83236870722,Anthony Farias,gferreira@example.org,(11) 91348-3612,2006-09-02
68306138099,Valentim Gomes,melinacirino@example.net,(11) 95806-3174,1967-11-01
32120557822,Daniel Campos,davi-miguel08@example.org,(11) 91694-1516,1978-12-10
32048058322,Pedro Lucas Sales,isis57@example.net,(11) 93381-2970,1964-07-16
88512234755,Isabel Sales,cvieira@example.org,(11) 95004-6577,1986-07-12
99707552933,Kamilly Cassiano,rafaelsampaio@example.com,(11) 98413-1017,2004-10-12
11022077644,Yago Borges,isabellagoncalves@example.org,(11) 96455-6411,1947-11-24
16402621722,Bryan Alves,vitor-gabriellopes@example.com,(11) 92650-5987,1972-12-06
57039493944,Sr. Murilo Leão,daniel03@example.net,(11) 92337-2465,1999-11-27
57185322222,Dante Costela,pimentaeloah@example.org,(11) 95006-4931,1985-10-09
64408585722,Maria Eduarda Caldeira,da-matadanilo@example.net,(11) 93656-8539,2007-01-12
15820902111,Sra. Alana Gomes,portogiovanna@example.org,(11) 95143-8708,1978-10-15
88726897911,Luiz Henrique da Mota,zcarvalho@example.com,(11) 92354-8566,1988-12-04
78544417077,Dra. Bella Caldeira,silveiravitor@example.net,(11) 93719-7573,1987-12-25
72237873411,Luigi Rodrigues,ddas-neves@example.org,(11) 95698-2975,1996-01-15
23126230722,Maria Eduarda Aragão,pfarias@example.net,(11) 95993-7067,1954-11-08
62482939966,Ana Vitória Costela,enzocunha@example.com,(11) 98818-8573,1948-05-23
63531703511,Sr. Ravi Lucca Costela,moreiravicente@example.org,(11) 94389-9659,1979-03-01
62146385088,Sra. Lara Rodrigues,barbara06@example.com,(11) 96738-9405,1993-03-12
24001712033,Fernando da Rosa,eoliveira@example.net,(11) 98439-9370,1954-01-27
39174530966,Giovanna Pimenta,rgoncalves@example.net,(11) 98920-2233,1968-09-03
38526004488,Daniela Santos,ncavalcante@example.com,(11) 95567-8536,1979-04-19
41153124911,Srta. Sofia Moura,hadassa90@example.org,(11) 93614-7972,2001-04-11
88486522800,Emanuel Martins,da-motabento@example.net,(11) 92177-5010,1957-05-30
71012365022,Dr. Diego Garcia,henry-gabrielcaldeira@example.com,(11) 99457-1868,1947-05-14
17733278288,Maya Nogueira,ocorreia@example.org,(11) 97731-1852,1988-05-04
61221869455,Maria Luísa Sampaio,luna14@example.com,(11) 96769-6167,1972-11-06
80565119899,Maria Julia Melo,da-rochamateus@example.org,(11) 92156-8649,1969-05-23
18928222455,Sra. Ana Sophia Rios,vitor-hugosampaio@example.com,(11) 96152-9309,1973-02-19
86971614288,Lorenzo Sousa,da-rochathiago@example.org,(11) 94896-7326,1986-05-27
98561552155,Thomas da Cruz,teixeirabenjamin@example.org,(11) 96943-3651,1948-04-24
76222089655,Nicolas Barbosa,lopesfernando@example.org,(11) 99148-6724,1959-10-14
86240214999,Eduarda Alves,lucas-gabrielda-costa@example.org,(11) 96701-7319,1975-10-06
44188651955,Guilherme Guerra,alice94@example.net,(11) 98651-6191,2004-04-21
78170483399,Gabriel Rezende,alanapires@example.com,(11) 91906-6726,1961-04-14
84253103855,Bianca Vargas,ferreiramaria-eduarda@example.com,(11) 93249-5592,2003-01-23
57782017700,Vitor Gabriel da Rosa,mouraana-julia@example.net,(11) 93706-8861,1946-09-29
94760020266,Bianca Santos,rodrigomoura@example.net,(11) 96607-7675,1979-03-24
84327889299,Maria Helena Sales,da-matamaysa@example.org,(11) 93863-4339,1957-11-05
49824512900,Dr. Pedro Lucas Moreira,olivia89@example.org,(11) 93781-3326,2004-07-31
84638636399,Sr. Gael Henrique Brito,oliveiraclara@example.net,(11) 97682-5354,1959-09-07
28412807644,Luiz Miguel da Cruz,dcunha@example.com,(11) 95752-3853,1985-10-29
22564196066,Enrico Castro,thalesnovaes@example.com,(11) 96042-1823,1951-03-19
33259816900,Benicio Cavalcanti,vguerra@example.net,(11) 95991-5867,2004-06-24
77782718422,Rael Câmara,ofogaca@example.net,(11) 94220-7221,1996-12-25
73057615088,Maria Ribeiro,cavalcanticecilia@example.org,(11) 92405-5631,1956-06-12
50811252455,Laura Moura,nmarques@example.com,(11) 96323-5958,1995-10-26
97796363233,Amanda Rocha,anna-lizcavalcanti@example.org,(11) 96156-9853,1999-04-14
59243073444,Pietro da Rosa,lucas-gabrielcampos@example.org,(11) 97329-3417,1952-02-16
63432947677,Davi Miguel Costela,mariapastor@example.com,(11) 97250-4694,1989-03-28
39236390744,Eduarda Albuquerque,fsousa@example.net,(11) 97233-6216,1963-09-21
69711780922,André Rocha,ravi-lucca38@example.com,(11) 91199-5745,1982-10-11
95056955433,Luiz Otávio Vieira,isisrezende@example.net,(11) 99585-8464,1975-03-31
75393898699,Mariana Souza,melina60@example.net,(11) 92849-9734,1945-04-13
90712932388,Lucas Gabriel da Rosa,siqueiraeloah@example.org,(11) 97944-1074,1983-09-10
15053721355,Srta. Ana Julia Pereira,antonio07@example.org,(11) 95429-7833,1990-03-13
57699521566,Nathan da Mota,xcasa-grande@example.com,(11) 96535-8410,1987-09-08
54303565733,Mariane Rodrigues,luaraborges@example.net,(11) 95847-1153,1993-04-25
13699840655,Zoe Souza,sarasilva@example.com,(11) 93768-6701,2004-08-08
50789719200,Pietro da Cruz,machadoayla@example.com,(11) 92679-4356,2006-03-23
80109520100,Sr. Benicio Cardoso,joana96@example.com,(11) 93941-6348,1970-06-15
28832945933,Dr. Pedro Lucas da Paz,pcorreia@example.org,(11) 98297-4835,1950-01-02
60709753400,Dra. Elisa Vasconcelos,bviana@example.net,(11) 92636-3818,1978-03-11
92570128088,Yan Guerra,pedro-henriquerodrigues@example.net,(11) 94290-3261,1967-12-23
81480446788,Júlia da Cunha,pietra77@example.org,(11) 98089-7307,1976-10-08
64502991422,Manuella Pinto,da-luzdaniela@example.net,(11) 94594-6311,1968-03-05
94597574644,Dr. Eduardo da Costa,costelaarthur@example.com,(11) 91629-4888,1947-12-02
50759679222,Maria Laura Vargas,anthonyrodrigues@example.com,(11) 98833-5336,1960-04-27
32636831444,Dr. Cauã Carvalho,davi-miguel31@example.org,(11) 99976-6337,1986-11-24
67202907977,Enrico da Cunha,rezendegabrielly@example.net,(11) 92122-1815,1960-05-06
26341202499,Brenda da Rocha,leticia37@example.com,(11) 95996-7889,1989-01-10
57568656677,Diego Dias,gda-mota@example.org,(11) 95084-7643,1983-03-01
18892877333,Breno Cirino,ipires@example.net,(11) 99497-9723,1948-02-05
82722462877,Vitor Duarte,carlos-eduardo82@example.net,(11) 96200-1107,1967-12-26
49613759855,Sr. Anthony Gabriel Silva,teixeiramathias@example.com,(11) 91152-6977,1980-05-07
91799352900,Sr. Thiago Mendes,limadaniel@example.com,(11) 99586-9411,1983-12-03
57267155511,Cauã Jesus,maria-flor20@example.org,(11) 96807-6978,1955-08-17
50748749122,Isaac Barbosa,lucassales@example.net,(11) 96533-8403,1955-12-14
15848550888,Arthur Miguel Fogaça,barrosleonardo@example.com,(11) 98825-5947,1957-11-24
95187519000,Hellena Nogueira,augusto72@example.org,(11) 99066-1333,2005-07-07
98842140855,Elisa Gonçalves,davi92@example.org,(11) 96405-7514,1964-11-08
57397920700,Ana Clara Dias,luiz-otavioabreu@example.org,(11) 91742-8330,1987-06-09
81178464200,Caleb da Cruz,leopinto@example.org,(11) 93140-3201,1971-09-23
19294942033,Calebe Silveira,heitor85@example.com,(11) 95577-9200,1990-10-15
11477631600,Matteo das Neves,igorandrade@example.net,(11) 93074-4251,1999-09-05
23309827200,Maya Pinto,mathias02@example.org,(11) 94845-4751,1993-11-21
24912014611,Dr. Rodrigo Pimenta,jpeixoto@example.org,(11) 99918-4864,1995-08-16
87431911699,Maria Julia da Rosa,ravimontenegro@example.com,(11) 92309-9208,1997-09-11
84665937999,Sra. Aurora Borges,pmacedo@example.com,(11) 95148-8799,1947-02-20
90765398122,Anna Liz Nascimento,sarada-rosa@example.org,(11) 94867-1276,2001-04-17
65357570055,Brenda Almeida,teixeirahellena@example.net,(11) 99879-7624,1958-07-24
15549638188,Sra. Brenda Dias,valentina28@example.org,(11) 95332-6671,2001-07-10
96291406599,Vinicius da Costa,mariane85@example.net,(11) 94210-8312,1984-09-12
60352590733,Dra. Hellena Cavalcante,moraesmaysa@example.net,(11) 96306-3794,1967-12-07
77280871422,Thales Cavalcanti,vargasbernardo@example.org,(11) 97419-3259,1989-01-28
51736479222,Caio Nascimento,cdas-neves@example.com,(11) 99618-6938,1999-02-22
71423874677,Hellena Silva,mateusgomes@example.org,(11) 91894-4788,2004-05-30
70302345299,João Lucas Souza,emillyrocha@example.org,(11) 95055-9386,1986-02-14
46610067399,Dr. Anthony Pinto,mendesdom@example.org,(11) 93796-9779,1964-02-22
21511335088,Davi Miguel Melo,siqueiranicole@example.net,(11) 91169-9032,2006-08-12
40504031533,Alice Oliveira,bella44@example.org,(11) 99890-5440,1980-09-14
95083470155,Ana Clara Monteiro,da-matamarcos-vinicius@example.net,(11) 97168-1333,1966-09-06
55172025511,Maria Almeida,luanavasconcelos@example.com,(11) 99174-4134,1951-11-21
73941199200,Dra. Alícia Ferreira,pedro-henriquealves@example.org,(11) 92066-3497,1975-05-03
57648018266,Larissa Dias,joao-vitormachado@example.com,(11) 92394-5151,1987-07-02
95357405044,Renan Andrade,portothiago@example.net,(11) 95065-6296,1986-12-30
98682860933,Hadassa Vasconcelos,isaqueandrade@example.com,(11) 92252-5679,1970-04-23
65314118800,Yan Marques,ubarbosa@example.com,(11) 97646-5660,1980-01-23
50436978577,Theodoro Martins,theo44@example.org,(11) 92974-9977,1986-01-02
42533598177,Daniela Garcia,mcassiano@example.com,(11) 94173-7415,1999-11-02
63498187844,Sra. Aylla Aparecida,vitoriaduarte@example.com,(11) 98649-3116,1966-04-08
19177935022,Diogo Pastor,da-paztheodoro@example.com,(11) 97852-2268,1955-02-09
86365624577,Benjamim Nogueira,biancafogaca@example.net,(11) 94540-9585,1953-08-16
43422466000,José Miguel da Luz,theodoro30@example.org,(11) 97453-6040,1957-07-17
94588361588,Dr. Breno Fogaça,eloahmartins@example.net,(11) 93436-9726,1990-11-19
81533935966,Pietra Caldeira,melobeatriz@example.net,(11) 94012-7924,1974-07-01
69451948688,Letícia Fogaça,costathales@example.org,(11) 93961-5737,1986-08-30
46872927555,Isabelly Guerra,luiz-otaviorios@example.net,(11) 95836-8644,1990-01-06
60208948355,Dr. João Vasconcelos,maria-isissales@example.com,(11) 97046-1811,1984-11-27
48515727000,Dra. Alice Barros,thales99@example.com,(11) 94353-1016,1985-09-30
93761284355,Liz Fonseca,jadenunes@example.net,(11) 95857-2777,1949-06-10
39223926288,Theodoro Aparecida,monteiroheloisa@example.net,(11) 92286-5171,1971-07-20
44473473855,Calebe Pimenta,lgoncalves@example.net,(11) 99743-9064,1958-07-12
69200263099,Marcela Novaes,drocha@example.org,(11) 92004-6384,1969-06-30
61404839488,Ester da Luz,qcavalcanti@example.net,(11) 92794-7031,1999-07-01
53800191377,João Pedro Duarte,fogacasarah@example.com,(11) 93443-6150,1999-03-22
65033094733,Eduarda Alves,eduarda97@example.org,(11) 96711-5517,1995-07-20
42063012555,Mirella Vieira,novaesleonardo@example.org,(11) 98325-2450,1954-01-02
55379868333,Gabriela Aragão,qsantos@example.net,(11) 92147-3936,2007-02-14
82883777344,Maria Julia Rocha,eduardosousa@example.org,(11) 95534-1788,1970-06-15
67720037999,Vinícius Gomes,fernando11@example.org,(11) 99492-4989,1952-10-18
44958874833,Srta. Maria Julia Lopes,leticianascimento@example.org,(11) 98446-6527,1997-11-28
82977941722,Erick Rocha,lpinto@example.com,(11) 93608-2976,1967-03-26
45023024900,Hellena Sá,joao-vitor13@example.com,(11) 94611-9461,1974-03-28
10934052522,Vitor Hugo Nascimento,rgarcia@example.com,(11) 92878-5462,1977-09-17
33096830288,Isadora Sousa,sophie58@example.org,(11) 95920-3030,1983-12-12
99570091099,Pedro Henrique Nascimento,ravi75@example.net,(11) 99715-8033,1953-05-16
57813675433,Esther Leão,antonio18@example.net,(11) 96471-2644,2004-05-31
94717172722,Ana Lívia Nogueira,asafesa@example.com,(11) 99863-3824,1961-05-20
48276024688,Murilo Sá,riossophia@example.net,(11) 92514-4657,1987-12-17
64087961411,Dr. Emanuel Cavalcanti,isaacteixeira@example.org,(11) 96146-4313,2007-07-08
79496792122,Bella Ramos,bryanmoura@example.net,(11) 92152-3987,1995-12-19
15081456100,João Duarte,martinssabrina@example.com,(11) 97627-9338,1953-01-24
49740318722,Alexandre Barros,upeixoto@example.org,(11) 91586-6845,1978-02-02
31110126466,Léo Porto,luisasilveira@example.org,(11) 99231-3267,1988-10-02
19211540555,Maria Luísa Teixeira,luiz-henrique13@example.net,(11) 96255-5500,1984-06-13
94902862499,Maria Alice Rezende,lunna76@example.org,(11) 93251-1550,1993-11-29
83921085588,Luana Ribeiro,pintoliz@example.net,(11) 93181-8517,1956-05-13
13471645022,Dra. Jade Dias,felipe96@example.org,(11) 95445-7152,1958-01-06
60740412022,Lívia Costela,pereirastephany@example.org,(11) 99101-2008,1947-03-21
59089575000,Heloísa Cunha,da-costaolivia@example.org,(11) 96167-6378,1991-06-08
33221858699,Bárbara Aparecida,fleao@example.org,(11) 95033-2220,1952-11-01
65502113366,Dra. Maria Helena Duarte,ninabarbosa@example.com,(11) 98204-6135,1960-09-14
97294275500,Dr. Luiz Felipe Alves,alvesmariana@example.org,(11) 92832-6966,1963-09-21
95858096133,Eloá Pimenta,piresyago@example.net,(11) 93493-3049,1965-08-04
71217005577,Pedro Henrique Rocha,jesusenrico@example.org,(11) 93872-4886,1986-05-06
94976482511,Srta. Isabelly Azevedo,luiza18@example.com,(11) 97477-1551,1948-12-18
77532978488,Ana Clara Cavalcanti,esthervargas@example.org,(11) 97916-4383,1985-06-24
20888062100,Danilo Viana,mazevedo@example.net,(11) 99222-4816,2007-02-04
62476874433,Davi da Rocha,cabreu@example.net,(11) 99578-5840,1983-08-17
68174471199,Davi Mendes,isadorada-mata@example.com,(11) 93835-8808,1982-10-19
97036853233,Noah Cavalcanti,pfernandes@example.org,(11) 95996-1110,2006-08-14
92693449166,Vitor Gabriel Nunes,gael51@example.net,(11) 95458-8423,1953-03-14
81925768688,Sr. Antônio Araújo,joao-gabriel09@example.org,(11) 91406-9191,1967-05-12
73250154299,Mathias Araújo,gabrielly64@example.net,(11) 94152-7432,1956-02-29
36464772299,Thomas Correia,daniel26@example.org,(11) 93903-7846,1980-07-17
10491669499,Gabriela Rios,aylamoraes@example.org,(11) 95342-9825,2007-08-03
83289549822,Ágatha da Rocha,henrique66@example.net,(11) 95647-5263,1977-03-02
41752909400,Vicente Garcia,laura79@example.net,(11) 98470-2733,1999-08-09
75515264555,Luiza Nascimento,levi74@example.org,(11) 92653-2793,2004-02-02
21940752599,Diego Rodrigues,agoncalves@example.org,(11) 96826-7558,1971-03-14
95264644433,Cecília Ferreira,mateuscostela@example.net,(11) 92905-7052,1972-10-19
87033324544,Ana Liz Rocha,maria-liz70@example.com,(11) 96588-5960,1978-11-15
15203931999,Apollo Farias,cleao@example.com,(11) 91333-1620,1984-12-15
57065539200,Maria Júlia Martins,arthur-gabrielda-rosa@example.com,(11) 91009-1078,1963-12-05
13992547666,Marcelo Rios,nataliacavalcante@example.net,(11) 96286-9941,1951-08-16
30160444200,Milena Alves,cirinoleonardo@example.com,(11) 94987-6133,2001-05-28
58506262800,Dr. Renan Moraes,barrosmariah@example.org,(11) 92964-2280,1974-03-23
76144965077,Mathias Abreu,isabela02@example.net,(11) 91382-7638,1970-09-01
19950490777,Arthur Miguel Mendonça,costagabriel@example.org,(11) 99010-1527,1964-08-04
94989924877,Giovanna Monteiro,cvasconcelos@example.com,(11) 98670-2529,2002-07-05
32963265377,Maria Liz Marques,ana-liviacarvalho@example.net,(11) 97665-6987,1967-05-08
95433152133,Leandro Cavalcante,hsilveira@example.org,(11) 96132-7443,1989-06-27
81734833966,Srta. Maitê Cirino,zbarros@example.net,(11) 97377-2539,1955-03-23
58579277655,Alana Guerra,henry21@example.net,(11) 92420-2739,1974-09-16
24602628844,Nicole Aparecida,oliveiraalicia@example.com,(11) 93757-9332,1949-06-03
23280040088,Natália Farias,diogo34@example.net,(11) 97110-8926,1946-05-04
87937544699,Maria Flor Moraes,evelyn19@example.org,(11) 99437-1091,1974-07-01
87986601600,Caroline Macedo,samuel16@example.com,(11) 92787-3602,1967-10-13
83017578844,Catarina Rezende,silvasophie@example.net,(11) 94646-1974,1991-12-12
20996363622,Valentim Oliveira,da-rosaevelyn@example.com,(11) 91152-5176,1957-05-04
72765764699,Samuel Rocha,maria-flor85@example.org,(11) 92226-4233,1946-12-02
32768058988,Manuela Pimenta,camargojulia@example.com,(11) 91208-2055,1989-09-22
80460989733,Ana Vitória Campos,maria-liz41@example.org,(11) 99774-8277,1962-03-17
59611292766,Sra. Maria Cecília Câmara,silveiramarcela@example.org,(11) 98480-3933,1946-04-06
90860584777,Lucas Nogueira,henry-gabriel43@example.net,(11) 98682-2213,1987-08-10
35023019566,Arthur Miguel Câmara,fariasmanuela@example.net,(11) 93758-6679,1964-10-03
23184887388,Ryan Santos,jesusmaria-liz@example.net,(11) 98310-7903,2004-05-17
58094846899,Ana Julia Farias,mcamargo@example.org,(11) 91402-4507,1965-10-09
86928026466,Antonella Fogaça,antonellabarros@example.com,(11) 99173-9868,1971-12-18
48450886066,Matteo Siqueira,sousaluiz-gustavo@example.org,(11) 94081-8788,1947-08-19
22203009433,Sra. Ana Carolina Sampaio,isabel37@example.com,(11) 94231-5990,2002-10-04
